/*
Copyright (c) CLMS UK. All rights reserved.
Licensed under the Custom License. See LICENSE file in the project root for full license information.*/

{"Actions":[{"Code":"function void Render()\r\n{\r\n    Model.StackTrace = AppLib.Application.GetLastError().StackTrace;\r\n    Model.ErrorMessage = AppLib.Application.GetLastError().Message;\r\n    Model.FriendlyErrorMessage = AppLib.Application.GetLastError().GetFriendlyMessage();\r\n\r\n}","Name":"Render","Permissions":[],"AllowAnonymous":true,"AllowAllAuthenticatedUsers":true,"AccessLog":false,"IsEntryPoint":true,"IsDefault":false,"CausesValidation":false,"DontPostViewModel":false,"AllGroups":true,"Groups":[]},{"Code":"function void SendErrorToAdministrator()\r\n{\r\n    string developerEmail = AppLib.Application.GetConfigurationKey(\"AdministratorEmail\");\r\n    if(string.IsNullOrWhiteSpace(developerEmail))\r\n    {\r\n        ShowMessage(LocalResources.RES_CUSTOM_Invalid_AdminEmail_Message, AppLib.MessageType.Error);\r\n        return;\r\n    }\r\n\r\n    Model.StackTrace = AppLib.Application.GetLastError().StackTrace;\r\n    Model.ErrorMessage = AppLib.Application.GetLastError().Message;\r\n    Model.FriendlyErrorMessage = AppLib.Application.GetLastError().GetFriendlyMessage();\r\n\r\n\tCommonLib.EmailMessage mail;\r\n\t\r\n\tCollection[string] recipients;\r\n\trecipients.Add(developerEmail);\r\n\t\r\n\tmail.To = recipients;\r\n\tmail.Subject = AppLib.Application.Name + \" threw an Exception\";\r\n\tmail.Body = \"<b>Error Message:</b> \" + Model.ErrorMessage + \"<br /><br />\";\r\n\tmail.Body = mail.Body + \"<b>Friendly Error Message:</b> <span style='white-space: pre-line;'>\" + Model.FriendlyErrorMessage + \"</span><br /><br />\";\r\n\tmail.Body = mail.Body + \"<b>StackTrace:</b> \" + Model.StackTrace + \"<br />\";\r\n\tif(!string.IsNullOrWhiteSpace(Model.AdditionalErrorInformation))\r\n\t{\r\n\t    mail.Body = mail.Body + \"<br /><b>Additional Information:</b> \" + Model.AdditionalErrorInformation;\r\n\t}\r\n\t\t\r\n\tCommonLib.Utilities.SendEmail(mail);\r\n\tShowMessage(LocalResources.RES_CUSTOM_Successful_EMail_Message);\r\n}","Name":"SendErrorToAdministrator","Permissions":[],"AllowAnonymous":true,"AllowAllAuthenticatedUsers":true,"AccessLog":false,"IsEntryPoint":false,"IsDefault":false,"CausesValidation":false,"DontPostViewModel":false,"AllGroups":true,"Groups":[]}],"EventListeners":[],"Resources":[{"Type":"S","Key":"RES_TOOLTIP_Body","Languages":[{"Name":"en-us"},{"Name":"el","Value":""}]},{"Type":"S","Key":"RES_TOOLTIP_FieldSet","Languages":[{"Name":"en-us","Value":""},{"Name":"el","Value":""}]},{"Type":"S","Key":"RES_TOOLTIP_FieldSetHeader","Languages":[{"Name":"en-us","Value":""},{"Name":"el","Value":""}]},{"Type":"S","Key":"RES_TOOLTIP_FieldSetContainer","Languages":[{"Name":"en-us","Value":""},{"Name":"el","Value":""}]},{"Type":"S","Key":"RES_LABEL_Label3","Languages":[{"Name":"en-us","Value":"500"},{"Name":"el","Value":""}]},{"Type":"S","Key":"RES_TOOLTIP_Label3","Languages":[{"Name":"en-us"},{"Name":"el","Value":""}]},{"Type":"S","Key":"RES_LABEL_Label2","Languages":[{"Name":"en-us","Value":"We are sorry, there was an error while loading the page."},{"Name":"el","Value":""}]},{"Type":"S","Key":"RES_TOOLTIP_Label2","Languages":[{"Name":"en-us","Value":""},{"Name":"el","Value":""}]},{"Type":"S","Key":"RES_TOOLTIP_FormGroup1","Languages":[{"Name":"en-us"},{"Name":"el","Value":""}]},{"Type":"S","Key":"RES_TOOLTIP_FormGroupLabelContainer1","Languages":[{"Name":"en-us"},{"Name":"el","Value":""}]},{"Type":"S","Key":"RES_LABEL_Label1","Languages":[{"Name":"en-us","Value":"Error Description"},{"Name":"el","Value":""}]},{"Type":"S","Key":"RES_TOOLTIP_Label1","Languages":[{"Name":"en-us","Value":""},{"Name":"el","Value":""}]},{"Type":"S","Key":"RES_TOOLTIP_FormGroupInputContainer1","Languages":[{"Name":"en-us"},{"Name":"el","Value":""}]},{"Type":"S","Key":"RES_PLACEHOLDER_StackTrace","Languages":[{"Name":"en-us"},{"Name":"el","Value":""}]},{"Type":"S","Key":"RES_TOOLTIP_StackTrace","Languages":[{"Name":"en-us","Value":""},{"Name":"el","Value":""}]},{"Type":"S","Key":"RES_TOOLTIP_FormGroup","Languages":[{"Name":"en-us"},{"Name":"el","Value":""}]},{"Type":"S","Key":"RES_TOOLTIP_FormGroupLabelContainer","Languages":[{"Name":"en-us"},{"Name":"el","Value":""}]},{"Type":"S","Key":"RES_LABEL_Label11","Languages":[{"Name":"en-us","Value":"Additional Information"},{"Name":"el","Value":"Πρόσθετες Πληροφορίες"}]},{"Type":"S","Key":"RES_TOOLTIP_Label11","Languages":[{"Name":"en-us","Value":""},{"Name":"el","Value":""}]},{"Type":"S","Key":"RES_TOOLTIP_FormGroupInputContainer","Languages":[{"Name":"en-us"},{"Name":"el","Value":""}]},{"Type":"S","Key":"RES_PLACEHOLDER_TextArea","Languages":[{"Name":"en-us","Value":"You can provide additional information regarding the Error, here"},{"Name":"el","Value":"Εδώ μπορείτε να συμπληρώσετε περαιτέρω πληροφορίες σχετικά με το Σφάλμα"}]},{"Type":"S","Key":"RES_TOOLTIP_TextArea","Languages":[{"Name":"en-us"},{"Name":"el","Value":""}]},{"Type":"S","Key":"RES_TOOLTIP_Icon","Languages":[{"Name":"en-us"},{"Name":"el","Value":""}]},{"Type":"S","Key":"RES_LABEL_Label6","Languages":[{"Name":"en-us","Value":"Back to Home"},{"Name":"el","Value":""}]},{"Type":"S","Key":"RES_TOOLTIP_Label6","Languages":[{"Name":"en-us"},{"Name":"el","Value":""}]},{"Type":"S","Key":"RES_TOOLTIP_Icon1","Languages":[{"Name":"en-us"},{"Name":"el","Value":""}]},{"Type":"S","Key":"RES_LABEL_Label","Languages":[{"Name":"en-us","Value":"Send it to Administrator"},{"Name":"el","Value":"Αποστολή Σφάλματος στον Διαχειριστή"}]},{"Type":"S","Key":"RES_TOOLTIP_Label","Languages":[{"Name":"en-us"},{"Name":"el","Value":""}]},{"Type":"S","Key":"RES_TOOLTIP_FieldSetFooter1","Languages":[{"Name":"en-us","Value":""},{"Name":"el","Value":""}]},{"Type":"S","Key":"RES_PAGETITLE_Render","Languages":[{"Name":"en-us","Value":"Internal Server Error"},{"Name":"el","Value":"Σφάλμα Διακομιστή"}]},{"Type":"S","Key":"RES_PAGETITLE_SendErrorToAdministrator","Languages":[{"Name":"en-us","Value":"Send Email To Developer"},{"Name":"el","Value":""}]},{"Type":"C","Key":"RES_CUSTOM_Invalid_AdminEmail_Message","Languages":[{"Name":"en-us","Value":"Invalid \"Administrator E-Mail\" value"},{"Name":"el","Value":"Το E-Mail του Administrator είναι λάθος"}]},{"Type":"C","Key":"RES_CUSTOM_Send_Mail_Btn_Tooltip","Languages":[{"Name":"en-us","Value":"Send an E-Mail to the Administrator, containing info on the Error"},{"Name":"el","Value":"Αποστολή μηνύματος στον Διαχειριστή, αναφορικά με το Σφάλμα"}]},{"Type":"C","Key":"RES_CUSTOM_Successful_EMail_Message","Languages":[{"Name":"en-us","Value":"Your E-Mail has been successfully sent"},{"Name":"el","Value":"Το μήνυμά σας εστάλη επιτυχώς"}]},{"Type":"S","Key":"RES_Body_ConfirmationMessage","Languages":[{"Name":"en-us","Value":"Are you sure you want to execute this action?"}]},{"Type":"S","Key":"RES_FieldSet_ConfirmationMessage","Languages":[{"Name":"en-us","Value":"Are you sure you want to execute this action?"}]},{"Type":"S","Key":"RES_FieldSetHeader_ConfirmationMessage","Languages":[{"Name":"en-us","Value":"Are you sure you want to execute this action?"}]},{"Type":"S","Key":"RES_FieldSetContainer_ConfirmationMessage","Languages":[{"Name":"en-us","Value":"Are you sure you want to execute this action?"}]},{"Type":"S","Key":"RES_Label3_ConfirmationMessage","Languages":[{"Name":"en-us","Value":"Are you sure you want to execute this action?"}]},{"Type":"S","Key":"RES_Label2_ConfirmationMessage","Languages":[{"Name":"en-us","Value":"Are you sure you want to execute this action?"}]},{"Type":"S","Key":"RES_FormGroup1_ConfirmationMessage","Languages":[{"Name":"en-us","Value":"Are you sure you want to execute this action?"}]},{"Type":"S","Key":"RES_FormGroupLabelContainer1_ConfirmationMessage","Languages":[{"Name":"en-us","Value":"Are you sure you want to execute this action?"}]},{"Type":"S","Key":"RES_Label1_ConfirmationMessage","Languages":[{"Name":"en-us","Value":"Are you sure you want to execute this action?"}]},{"Type":"S","Key":"RES_FormGroupInputContainer1_ConfirmationMessage","Languages":[{"Name":"en-us","Value":"Are you sure you want to execute this action?"}]},{"Type":"S","Key":"RES_StackTrace_ConfirmationMessage","Languages":[{"Name":"en-us","Value":"Are you sure you want to execute this action?"}]},{"Type":"S","Key":"RES_FormGroup_ConfirmationMessage","Languages":[{"Name":"en-us","Value":"Are you sure you want to execute this action?"}]},{"Type":"S","Key":"RES_FormGroupLabelContainer_ConfirmationMessage","Languages":[{"Name":"en-us","Value":"Are you sure you want to execute this action?"}]},{"Type":"S","Key":"RES_Label11_ConfirmationMessage","Languages":[{"Name":"en-us","Value":"Are you sure you want to execute this action?"}]},{"Type":"S","Key":"RES_FormGroupInputContainer_ConfirmationMessage","Languages":[{"Name":"en-us","Value":"Are you sure you want to execute this action?"}]},{"Type":"S","Key":"RES_TextArea_ConfirmationMessage","Languages":[{"Name":"en-us","Value":"Are you sure you want to execute this action?"}]},{"Type":"S","Key":"RES_Button1_ConfirmationMessage","Languages":[{"Name":"en-us","Value":"Are you sure you want to execute this action?"}]},{"Type":"S","Key":"RES_Icon_ConfirmationMessage","Languages":[{"Name":"en-us","Value":"Are you sure you want to execute this action?"}]},{"Type":"S","Key":"RES_Label6_ConfirmationMessage","Languages":[{"Name":"en-us","Value":"Are you sure you want to execute this action?"}]},{"Type":"S","Key":"RES_Button_ConfirmationMessage","Languages":[{"Name":"en-us","Value":"Are you sure you want to execute this action?"}]},{"Type":"S","Key":"RES_Icon1_ConfirmationMessage","Languages":[{"Name":"en-us","Value":"Are you sure you want to execute this action?"}]},{"Type":"S","Key":"RES_Label_ConfirmationMessage","Languages":[{"Name":"en-us","Value":"Are you sure you want to execute this action?"}]},{"Type":"S","Key":"RES_FieldSetFooter1_ConfirmationMessage","Languages":[{"Name":"en-us","Value":"Are you sure you want to execute this action?"}]}],"ViewModel":[{"Type":0,"Name":"ErrorMessage","Datatype":"string","Children":[],"IsRequired":false,"Hidden":false,"Readonly":false,"Precision":2,"Length":"100","Scale":8,"IsCollection":false,"IsPk":false},{"Type":0,"Name":"StackTrace","Datatype":"string","Children":[],"IsRequired":false,"Hidden":false,"Readonly":false,"Precision":2,"Length":"100","Scale":8,"IsCollection":false,"IsPk":false},{"Type":0,"Name":"FriendlyErrorMessage","Datatype":"string","Children":[],"IsRequired":false,"Hidden":false,"Readonly":false,"Precision":2,"Length":"100","Scale":8,"IsCollection":false,"IsPk":false},{"Type":0,"Name":"AdditionalErrorInformation","Datatype":"string","Children":[],"IsRequired":false,"Hidden":false,"Readonly":false,"Precision":2,"Length":"100","Scale":8,"IsCollection":false,"IsPk":false}],"DataSets":[],"ConditionalFormattings":[],"DataValidations":[],"CalculatedExpressions":[],"Controls":[{"$type":"CLMS.AppDev.DomainModel.Models.BodyControl, CLMS.AppDev.DomainModel","Name":"Body","CssStyle":"","CssClass":"","DoesNotMakeFormDirty":false,"FontSizeRole":0,"ElementSizeRole":0,"ColorRole":0,"FilterOperator":0,"RowOperator":0,"Ovewrite":false,"ApplyOnBlur":false,"HiddenInMobileView":false,"Ignored":false,"Controls":[{"$type":"CLMS.AppDev.DomainModel.Models.FieldSetControl, CLMS.AppDev.DomainModel","Header":{"Name":"FieldSetHeader","CssStyle":"","CssClass":"","Tooltip":"","Datasource":"","DoesNotMakeFormDirty":false,"FontSizeRole":0,"ElementSizeRole":0,"ColorRole":0,"FilterOperator":0,"RowOperator":0,"Ovewrite":false,"ApplyOnBlur":false,"HiddenInMobileView":false,"Ignored":false,"Controls":[]},"Container":{"Name":"FieldSetContainer","CssStyle":"","CssClass":"","Tooltip":"","Datasource":"","DoesNotMakeFormDirty":false,"FontSizeRole":0,"ElementSizeRole":0,"ColorRole":0,"FilterOperator":0,"RowOperator":0,"Ovewrite":false,"ApplyOnBlur":false,"HiddenInMobileView":false,"Ignored":false,"Controls":[{"$type":"CLMS.AppDev.DomainModel.Models.LabelControl, CLMS.AppDev.DomainModel","Value":"500","RenderAsHtml":false,"Name":"Label3","CssStyle":"display: block;","CssClass":"error-code-label","DoesNotMakeFormDirty":false,"FontSizeRole":0,"ElementSizeRole":0,"ColorRole":0,"FilterOperator":7,"RowOperator":1,"Ovewrite":true,"ApplyOnBlur":true,"HiddenInMobileView":false,"Ignored":false,"Controls":[]},{"$type":"CLMS.AppDev.DomainModel.Models.LabelControl, CLMS.AppDev.DomainModel","Value":"We are sorry, there was an error while loading the page.","RenderAsHtml":false,"Name":"Label2","CssStyle":"display: block;","CssClass":"","Tooltip":"","Datasource":"","DoesNotMakeFormDirty":false,"FontSizeRole":4,"ElementSizeRole":0,"ColorRole":0,"FilterOperator":0,"RowOperator":0,"Ovewrite":false,"ApplyOnBlur":false,"HiddenInMobileView":false,"Ignored":false,"Controls":[]},{"$type":"CLMS.AppDev.DomainModel.Models.FormGroupControl, CLMS.AppDev.DomainModel","HorizontalAlign":false,"HasLabelContainer":true,"LabelContainer":{"Name":"FormGroupLabelContainer1","CssStyle":"","CssClass":"","DoesNotMakeFormDirty":false,"FontSizeRole":0,"ElementSizeRole":0,"ColorRole":0,"FilterOperator":7,"RowOperator":1,"Ovewrite":true,"ApplyOnBlur":true,"HiddenInMobileView":false,"Ignored":false,"Controls":[{"$type":"CLMS.AppDev.DomainModel.Models.LabelControl, CLMS.AppDev.DomainModel","Value":"Error Description","RenderAsHtml":false,"Name":"Label1","CssStyle":"","CssClass":"","Tooltip":"","Datasource":"","DoesNotMakeFormDirty":false,"FontSizeRole":3,"ElementSizeRole":0,"ColorRole":0,"FilterOperator":0,"RowOperator":0,"Ovewrite":false,"ApplyOnBlur":false,"HiddenInMobileView":false,"Ignored":false,"Controls":[]}]},"InputContainer":{"Name":"FormGroupInputContainer1","CssStyle":"","CssClass":"","DoesNotMakeFormDirty":false,"FontSizeRole":0,"ElementSizeRole":0,"ColorRole":0,"FilterOperator":7,"RowOperator":1,"Ovewrite":true,"ApplyOnBlur":true,"HiddenInMobileView":false,"Ignored":false,"Controls":[{"$type":"CLMS.AppDev.DomainModel.Models.TextAreaControl, CLMS.AppDev.DomainModel","ReadOnly":true,"Required":false,"AutoSize":false,"ChangeDelay":200,"ChangeWhileTyping":false,"Name":"StackTrace","CssStyle":"white-space: pre-line;","CssClass":"","Tooltip":"","Datasource":"FriendlyErrorMessage","DoesNotMakeFormDirty":false,"FontSizeRole":0,"ElementSizeRole":0,"ColorRole":0,"FilterOperator":0,"RowOperator":0,"Ovewrite":false,"ApplyOnBlur":false,"HiddenInMobileView":false,"Ignored":false,"Controls":[]}]},"HasDescriptionContainer":false,"Name":"FormGroup1","CssStyle":"","CssClass":"sign-in-form-group","DoesNotMakeFormDirty":false,"FontSizeRole":0,"ElementSizeRole":0,"ColorRole":0,"FilterOperator":7,"RowOperator":1,"Ovewrite":true,"ApplyOnBlur":true,"HiddenInMobileView":false,"Ignored":false},{"$type":"CLMS.AppDev.DomainModel.Models.FormGroupControl, CLMS.AppDev.DomainModel","HorizontalAlign":false,"HasLabelContainer":true,"LabelContainer":{"Name":"FormGroupLabelContainer","CssStyle":"","CssClass":"","DoesNotMakeFormDirty":false,"FontSizeRole":0,"ElementSizeRole":0,"ColorRole":0,"FilterOperator":7,"RowOperator":1,"Ovewrite":true,"ApplyOnBlur":true,"HiddenInMobileView":false,"Ignored":false,"Controls":[{"$type":"CLMS.AppDev.DomainModel.Models.LabelControl, CLMS.AppDev.DomainModel","Value":"Additional Information","RenderAsHtml":false,"Name":"Label11","CssStyle":"","CssClass":"","Tooltip":"","Datasource":"","DoesNotMakeFormDirty":false,"FontSizeRole":3,"ElementSizeRole":0,"ColorRole":0,"FilterOperator":0,"RowOperator":0,"Ovewrite":false,"ApplyOnBlur":false,"HiddenInMobileView":false,"Ignored":false,"Controls":[]}]},"InputContainer":{"Name":"FormGroupInputContainer","CssStyle":"","CssClass":"","DoesNotMakeFormDirty":false,"FontSizeRole":0,"ElementSizeRole":0,"ColorRole":0,"FilterOperator":7,"RowOperator":1,"Ovewrite":true,"ApplyOnBlur":true,"HiddenInMobileView":false,"Ignored":false,"Controls":[{"$type":"CLMS.AppDev.DomainModel.Models.TextAreaControl, CLMS.AppDev.DomainModel","ReadOnly":false,"Required":false,"AutoSize":false,"PlaceHolder":"","ChangeDelay":0,"ChangeWhileTyping":false,"Name":"TextArea","CssStyle":"","CssClass":"","Datasource":"AdditionalErrorInformation","DoesNotMakeFormDirty":false,"FontSizeRole":0,"ElementSizeRole":0,"ColorRole":0,"FilterOperator":7,"RowOperator":1,"Ovewrite":true,"ApplyOnBlur":true,"HiddenInMobileView":false,"Ignored":false,"Controls":[]}]},"HasDescriptionContainer":false,"Name":"FormGroup","CssStyle":"","CssClass":"sign-in-form-group","DoesNotMakeFormDirty":false,"FontSizeRole":0,"ElementSizeRole":0,"ColorRole":0,"FilterOperator":7,"RowOperator":1,"Ovewrite":true,"ApplyOnBlur":true,"HiddenInMobileView":false,"Ignored":false},{"$type":"CLMS.AppDev.DomainModel.Models.ButtonControl, CLMS.AppDev.DomainModel","ActionType":0,"ValidationGroups":[],"Type":0,"ControllerAction":{"Type":0,"ControllerType":0,"OnUnauthorized":"HIDE","TargetFrame":"_self","ModalSize":"POPUP","Parameters":[],"Permissions":[],"IsPublic":false,"NoPermissionsRequired":false,"AllowAnonymous":false,"AllowAllAuthenticatedUsers":false,"EnableAccessLog":false,"ShowConfirmation":false,"IsDefaultButton":false,"IsEscapeButton":false,"DisableControlDuringExecution":true},"Labels":[{"$type":"CLMS.AppDev.DomainModel.Models.IconControl, CLMS.AppDev.DomainModel","Icon":"home","ThemeIcon":{"Name":"home","TagName":"i","IsCustom":false,"CssClasses":"glyphicon glyphicon-home","Style":"","DefaultColor":0,"DefaultSize":0,"Attributes":[],"Variables":[],"Element":0,"Color":0,"Size":0},"InCircle":false,"Name":"Icon","CssStyle":"","CssClass":"","DoesNotMakeFormDirty":false,"FontSizeRole":2,"ElementSizeRole":0,"ColorRole":0,"FilterOperator":7,"RowOperator":1,"Ovewrite":true,"ApplyOnBlur":true,"HiddenInMobileView":false,"Ignored":false,"Controls":[]},{"$type":"CLMS.AppDev.DomainModel.Models.LabelControl, CLMS.AppDev.DomainModel","Value":"Back to Home","RenderAsHtml":false,"Name":"Label6","CssStyle":"","CssClass":"","DoesNotMakeFormDirty":false,"FontSizeRole":0,"ElementSizeRole":0,"ColorRole":0,"FilterOperator":7,"RowOperator":1,"Ovewrite":true,"ApplyOnBlur":true,"HiddenInMobileView":false,"Ignored":false,"Controls":[]}],"ShowConfirmation":false,"IsDefaultButton":false,"IsEscapeButton":false,"Name":"Button1","CssStyle":"","CssClass":"","DoesNotMakeFormDirty":false,"FontSizeRole":0,"ElementSizeRole":0,"ColorRole":2,"FilterOperator":7,"RowOperator":1,"Ovewrite":true,"ApplyOnBlur":true,"HiddenInMobileView":false,"Ignored":false,"OnClick":{"Type":2,"Action":"Index","Controller":"SearchForm","ControllerType":0,"OnUnauthorized":"HIDE","TargetFrame":"_self","ModalSize":"LARGE","ModalMode":"POPUP","Parameters":[],"Permissions":[],"IsPublic":false,"NoPermissionsRequired":false,"AllowAnonymous":false,"AllowAllAuthenticatedUsers":false,"EnableAccessLog":false,"ShowConfirmation":false,"IsDefaultButton":true,"IsEscapeButton":false,"DisableControlDuringExecution":true}},{"$type":"CLMS.AppDev.DomainModel.Models.ButtonControl, CLMS.AppDev.DomainModel","ActionType":3,"ValidationGroups":[],"Type":0,"ControllerAction":{"Type":0,"Action":"SendErrorToAdministrator","Controller":"this","ControllerType":0,"OnUnauthorized":"HIDE","TargetFrame":"_self","ModalSize":"POPUP","Parameters":[],"Permissions":[],"IsPublic":false,"NoPermissionsRequired":false,"AllowAnonymous":false,"AllowAllAuthenticatedUsers":false,"EnableAccessLog":false,"ShowConfirmation":false,"IsDefaultButton":false,"IsEscapeButton":false,"DisableControlDuringExecution":false},"Labels":[{"$type":"CLMS.AppDev.DomainModel.Models.IconControl, CLMS.AppDev.DomainModel","Icon":"send","ThemeIcon":{"Name":"send","TagName":"i","IsCustom":false,"CssClasses":"glyphicon glyphicon-send","Style":"","DefaultColor":0,"DefaultSize":0,"Attributes":[],"Variables":[],"Element":0,"Color":0,"Size":0},"InCircle":false,"Name":"Icon1","CssStyle":"","CssClass":"","DoesNotMakeFormDirty":false,"FontSizeRole":2,"ElementSizeRole":0,"ColorRole":0,"FilterOperator":7,"RowOperator":1,"Ovewrite":true,"ApplyOnBlur":true,"HiddenInMobileView":false,"Ignored":false,"Controls":[]},{"$type":"CLMS.AppDev.DomainModel.Models.LabelControl, CLMS.AppDev.DomainModel","Value":"Send it to Administrator","RenderAsHtml":false,"Name":"Label","CssStyle":"","CssClass":"","DoesNotMakeFormDirty":false,"FontSizeRole":0,"ElementSizeRole":0,"ColorRole":0,"FilterOperator":7,"RowOperator":1,"Ovewrite":true,"ApplyOnBlur":true,"HiddenInMobileView":false,"Ignored":false,"Controls":[]}],"ShowConfirmation":false,"IsDefaultButton":false,"IsEscapeButton":false,"Name":"Button","CssStyle":"","CssClass":"pull-right","DoesNotMakeFormDirty":false,"FontSizeRole":0,"ElementSizeRole":0,"ColorRole":0,"FilterOperator":7,"RowOperator":1,"Ovewrite":true,"ApplyOnBlur":true,"HiddenInMobileView":false,"Ignored":false,"OnClick":{"Type":2,"Action":"SendErrorToAdministrator","Controller":"this","ControllerType":0,"OnUnauthorized":"HIDE","TargetFrame":"_self","ModalSize":"POPUP","Parameters":[],"Permissions":[],"IsPublic":false,"NoPermissionsRequired":false,"AllowAnonymous":false,"AllowAllAuthenticatedUsers":false,"EnableAccessLog":false,"ShowConfirmation":false,"IsDefaultButton":false,"IsEscapeButton":false,"DisableControlDuringExecution":false}}]},"Footer":{"Name":"FieldSetFooter1","CssStyle":"","CssClass":"","Tooltip":"","Datasource":"","DoesNotMakeFormDirty":false,"FontSizeRole":0,"ElementSizeRole":0,"ColorRole":0,"FilterOperator":0,"RowOperator":0,"Ovewrite":false,"ApplyOnBlur":false,"HiddenInMobileView":false,"Ignored":false,"Controls":[]},"HasHeader":false,"HasFooter":false,"Collapsible":false,"IsCollapsed":false,"ToggleStateOnHeaderClick":false,"Name":"FieldSet","CssStyle":"","CssClass":"sign-in-panel","Tooltip":"","Datasource":"","DoesNotMakeFormDirty":false,"FontSizeRole":0,"ElementSizeRole":0,"ColorRole":0,"FilterOperator":0,"RowOperator":0,"Ovewrite":false,"ApplyOnBlur":false,"HiddenInMobileView":false,"Ignored":false}]}],"ShowWarningWhenLeavingPage":true,"IsMasterPage":false,"IsPartial":false,"IsExportable":false,"DisableValidationPanel":false,"MasterPage":"MasterPageSignIn","Imports":[],"MaxViewModelLevel":0,"ModelName":"ErrorPage","Version":"0.3.16"}