<!--
Copyright (c) CLMS UK. All rights reserved.
Licensed under the Custom License. See LICENSE file in the project root for full license information.-->

<ExternalApi DateCreated="07/20/2020" Model_Name="GraphBackend" Model_Description="" Version="" Comments="">
  <Endpoint TransportType="HTTP" ProtocolType="REST">
    <Security SecurityType="None" />
    <Class Name="UpdateResponse" OriginalName="UpdateResponse" Description="" Namespace="" BaseClass="" IsEnum="false">
      <Attribute Name="Type" OriginalName="Type" Description="" Datatype="string" Length="0" IsPrimary="false" IsEncrypted="false" OriginalDataType="" SerializeAsXMLAttribute="false" />
      <Attribute Name="Desc" OriginalName="Desc" Description="" Datatype="string" Length="0" IsPrimary="false" IsEncrypted="false" OriginalDataType="" SerializeAsXMLAttribute="false" />
    </Class>
    <Class Name="GraphBackendResponse" OriginalName="GraphBackendResponce" Description="" Namespace="" BaseClass="" IsEnum="false">
      <Attribute Name="Metadata" OriginalName="metadata" Description="" Datatype="Interfaces.GraphBackend.Metadata" Length="0" IsPrimary="false" IsEncrypted="false" OriginalDataType="" SerializeAsXMLAttribute="false" />
      <Attribute Name="Nodes" OriginalName="nodes" Description="" Datatype="Array[Interfaces.GraphBackend.Nodes]" Length="0" IsPrimary="false" IsEncrypted="false" OriginalDataType="" SerializeAsXMLAttribute="false" />
      <Attribute Name="Links" OriginalName="links" Description="" Datatype="Array[Interfaces.GraphBackend.Links]" Length="0" IsPrimary="false" IsEncrypted="false" OriginalDataType="" SerializeAsXMLAttribute="false" />
    </Class>
    <Class Name="Query" OriginalName="Query" Description="" Namespace="" BaseClass="" IsEnum="false">
      <Attribute Name="GraphContext" OriginalName="GraphContext" Description="" Datatype="string" Length="0" IsPrimary="false" IsEncrypted="false" OriginalDataType="" SerializeAsXMLAttribute="false" />
      <Attribute Name="MessageType" OriginalName="MessageType" Description="" Datatype="string" Length="0" IsPrimary="false" IsEncrypted="false" OriginalDataType="" SerializeAsXMLAttribute="false" />
      <Attribute Name="GraphSubContext" OriginalName="GraphSubContext" Description="" Datatype="string" Length="0" IsPrimary="false" IsEncrypted="false" OriginalDataType="" SerializeAsXMLAttribute="false" />
      <Attribute Name="SearchText" OriginalName="SearchText" Description="" Datatype="string" Length="0" IsPrimary="false" IsEncrypted="false" OriginalDataType="" SerializeAsXMLAttribute="false" />
    </Class>
    <Class Name="QueryExtended" OriginalName="QueryExtended" Description="" Namespace="" BaseClass="" IsEnum="false">
      <Attribute Name="GraphContext" OriginalName="GraphContext" Description="" Datatype="string" Length="0" IsPrimary="false" IsEncrypted="false" OriginalDataType="" SerializeAsXMLAttribute="false" />
      <Attribute Name="GraphSubContext" OriginalName="GraphSubContext" Description="" Datatype="string" Length="0" IsPrimary="false" IsEncrypted="false" OriginalDataType="" SerializeAsXMLAttribute="false" />
      <Attribute Name="MessageType" OriginalName="MessageType" Description="" Datatype="string" Length="0" IsPrimary="false" IsEncrypted="false" OriginalDataType="" SerializeAsXMLAttribute="false" />
      <Attribute Name="Elements" OriginalName="ExElements" Description="" Datatype="Collection[Interfaces.GraphBackend.ExElements]" Length="0" IsPrimary="false" IsEncrypted="false" OriginalDataType="" SerializeAsXMLAttribute="false" />
      <Attribute Name="Relations" OriginalName="ExRelations" Description="" Datatype="Collection[Interfaces.GraphBackend.ExRelations]" Length="0" IsPrimary="false" IsEncrypted="false" OriginalDataType="" SerializeAsXMLAttribute="false" />
      <Attribute Name="MessageSearchData" OriginalName="ExMessageSearchData" Description="" Datatype="Interfaces.GraphBackend.ExMessageSearchData" Length="0" IsPrimary="false" IsEncrypted="false" OriginalDataType="" SerializeAsXMLAttribute="false" />
    </Class>
    <Class Name="QueryEditor" OriginalName="" Description="" Namespace="" BaseClass="" IsEnum="false">
      <Attribute Name="GraphContext" OriginalName="" Description="" Datatype="string" Length="0" IsPrimary="false" IsEncrypted="false" OriginalDataType="" SerializeAsXMLAttribute="false" />
      <Attribute Name="MessageType" OriginalName="" Description="" Datatype="string" Length="0" IsPrimary="false" IsEncrypted="false" OriginalDataType="" SerializeAsXMLAttribute="false" />
      <Attribute Name="ExElements" OriginalName="" Description="" Datatype="Collection[Interfaces.GraphBackend.ExElements]" Length="0" IsPrimary="false" IsEncrypted="false" OriginalDataType="" SerializeAsXMLAttribute="false" />
      <Attribute Name="ExRelations" OriginalName="" Description="" Datatype="Array[Interfaces.GraphBackend.ExRelations]" Length="0" IsPrimary="false" IsEncrypted="false" OriginalDataType="" SerializeAsXMLAttribute="false" />
      <Attribute Name="ExMessageSearchData" OriginalName="" Description="" Datatype="Interfaces.GraphBackend.ExMessageSearchData" Length="0" IsPrimary="false" IsEncrypted="false" OriginalDataType="" SerializeAsXMLAttribute="false" />
      <Attribute Name="MessageSubType" OriginalName="" Description="" Datatype="string" Length="0" IsPrimary="false" IsEncrypted="false" OriginalDataType="" SerializeAsXMLAttribute="false" />
      <Attribute Name="ValidExElements" OriginalName="" Description="" Datatype="Array[Interfaces.GraphBackend.ValidExElements]" Length="0" IsPrimary="false" IsEncrypted="false" OriginalDataType="" SerializeAsXMLAttribute="false" />
      <Attribute Name="ValidExRelations" OriginalName="" Description="" Datatype="Array[Interfaces.GraphBackend.ValidExRelations]" Length="0" IsPrimary="false" IsEncrypted="false" OriginalDataType="" SerializeAsXMLAttribute="false" />
    </Class>
    <Class Name="ExElements" OriginalName="" Description="" Namespace="" BaseClass="" IsEnum="false">
      <Attribute Name="Type" OriginalName="" Description="" Datatype="string" Length="0" IsPrimary="false" IsEncrypted="false" OriginalDataType="" SerializeAsXMLAttribute="false" />
      <Attribute Name="Name" OriginalName="" Description="" Datatype="string" Length="0" IsPrimary="false" IsEncrypted="false" OriginalDataType="" SerializeAsXMLAttribute="false" />
      <Attribute Name="Category" OriginalName="" Description="" Datatype="string" Length="0" IsPrimary="false" IsEncrypted="false" OriginalDataType="" SerializeAsXMLAttribute="false" />
      <Attribute Name="Data" OriginalName="" Description="" Datatype="string" Length="0" IsPrimary="false" IsEncrypted="false" OriginalDataType="" SerializeAsXMLAttribute="false" />
    </Class>
    <Class Name="ExRelations" OriginalName="" Description="" Namespace="" BaseClass="" IsEnum="false">
      <Attribute Name="Type" OriginalName="" Description="" Datatype="string" Length="0" IsPrimary="false" IsEncrypted="false" OriginalDataType="" SerializeAsXMLAttribute="false" />
    </Class>
    <Class Name="ExMessageSearchData" OriginalName="" Description="" Namespace="" BaseClass="" IsEnum="false">
      <Attribute Name="LabelSearchType" OriginalName="LabelSearchType" Description="" Datatype="string" Length="0" IsPrimary="false" IsEncrypted="false" OriginalDataType="" SerializeAsXMLAttribute="false" />
      <Attribute Name="DepthSearchLevel" OriginalName="DepthSearchLevel" Description="" Datatype="string" Length="0" IsPrimary="false" IsEncrypted="false" OriginalDataType="" SerializeAsXMLAttribute="false" />
      <Attribute Name="AlgorithmName" OriginalName="AlgorithmName" Description="" Datatype="string" Length="0" IsPrimary="false" IsEncrypted="false" OriginalDataType="" SerializeAsXMLAttribute="false" />
      <Attribute Name="JsonResponseFormat" OriginalName="JsonResponseFormat" Description="" Datatype="string" Length="0" IsPrimary="false" IsEncrypted="false" OriginalDataType="" SerializeAsXMLAttribute="false" />
      <Attribute Name="ExSecurity" OriginalName="ExSecurity" Description="" Datatype="Interfaces.GraphBackend.ExSecurity" Length="0" IsPrimary="false" IsEncrypted="false" OriginalDataType="" SerializeAsXMLAttribute="false" />
    </Class>
    <Class Name="ExSecurity" OriginalName="ExSecurity" Description="" Namespace="" BaseClass="" IsEnum="false">
      <Attribute Name="ExAuthorization" OriginalName="ExAuthorization" Description="" Datatype="string" Length="0" IsPrimary="false" IsEncrypted="false" OriginalDataType="" SerializeAsXMLAttribute="false" />
      <Attribute Name="UserName" OriginalName="UserName" Description="" Datatype="string" Length="0" IsPrimary="false" IsEncrypted="false" OriginalDataType="" SerializeAsXMLAttribute="false" />
      <Attribute Name="Passwd" OriginalName="Passwd" Description="" Datatype="string" Length="0" IsPrimary="false" IsEncrypted="false" OriginalDataType="" SerializeAsXMLAttribute="false" />
    </Class>
    <Class Name="ValidExElements" OriginalName="" Description="" Namespace="" BaseClass="" IsEnum="false" />
    <Class Name="ValidExRelations" OriginalName="" Description="" Namespace="" BaseClass="" IsEnum="false" />
    <Class Name="Metadata" OriginalName="metadata" Description="" Namespace="" BaseClass="" IsEnum="false">
      <Attribute Name="ExportDataAsJson" OriginalName="" Description="" Datatype="bool" Length="0" IsPrimary="false" IsEncrypted="false" OriginalDataType="" SerializeAsXMLAttribute="false" />
      <Attribute Name="Pages" OriginalName="" Description="" Datatype="int" Length="0" IsPrimary="false" IsEncrypted="false" OriginalDataType="" SerializeAsXMLAttribute="false" />
      <Attribute Name="PageSize" OriginalName="" Description="" Datatype="int" Length="0" IsPrimary="false" IsEncrypted="false" OriginalDataType="" SerializeAsXMLAttribute="false" />
      <Attribute Name="QueryElapsedTime" OriginalName="" Description="" Datatype="int" Length="0" IsPrimary="false" IsEncrypted="false" OriginalDataType="" SerializeAsXMLAttribute="false" />
      <Attribute Name="TotalResponseElementsWithPositiveRelevanceLevel" OriginalName="" Description="" Datatype="int" Length="0" IsPrimary="false" IsEncrypted="false" OriginalDataType="" SerializeAsXMLAttribute="false" />
      <Attribute Name="Elements" OriginalName="" Description="" Datatype="int" Length="0" IsPrimary="false" IsEncrypted="false" OriginalDataType="" SerializeAsXMLAttribute="false" />
      <Attribute Name="Relations" OriginalName="" Description="" Datatype="int" Length="0" IsPrimary="false" IsEncrypted="false" OriginalDataType="" SerializeAsXMLAttribute="false" />
      <Attribute Name="ExportType" OriginalName="" Description="" Datatype="string" Length="0" IsPrimary="false" IsEncrypted="false" OriginalDataType="" SerializeAsXMLAttribute="false" />
      <Attribute Name="HeaderElement" OriginalName="" Description="" Datatype="Object" Length="0" IsPrimary="false" IsEncrypted="false" OriginalDataType="" SerializeAsXMLAttribute="false" />
    </Class>
    <Class Name="Nodes" OriginalName="nodes" Description="" Namespace="" BaseClass="" IsEnum="false">
      <Attribute Name="Name" OriginalName="name" Description="" Datatype="string" Length="0" IsPrimary="false" IsEncrypted="false" OriginalDataType="" SerializeAsXMLAttribute="false" />
      <Attribute Name="Label" OriginalName="label" Description="" Datatype="string" Length="0" IsPrimary="false" IsEncrypted="false" OriginalDataType="" SerializeAsXMLAttribute="false" />
      <Attribute Name="LabelType" OriginalName="labelType" Description="" Datatype="string" Length="0" IsPrimary="false" IsEncrypted="false" OriginalDataType="" SerializeAsXMLAttribute="false" />
      <Attribute Name="Id" OriginalName="id" Description="" Datatype="int" Length="0" IsPrimary="false" IsEncrypted="false" OriginalDataType="" SerializeAsXMLAttribute="false" />
      <Attribute Name="Graphid" OriginalName="graphid" Description="" Datatype="int" Length="0" IsPrimary="false" IsEncrypted="false" OriginalDataType="" SerializeAsXMLAttribute="false" />
      <Attribute Name="data" OriginalName="" Description="" Datatype="Interfaces.GraphBackend.Data" Length="0" IsPrimary="false" IsEncrypted="false" OriginalDataType="" SerializeAsXMLAttribute="false" />
      <Attribute Name="CC" OriginalName="CC" Description="" Datatype="bool" Length="0" IsPrimary="false" IsEncrypted="false" OriginalDataType="" SerializeAsXMLAttribute="false" />
      <Attribute Name="SL" OriginalName="sL" Description="" Datatype="int" Length="0" IsPrimary="false" IsEncrypted="false" OriginalDataType="" SerializeAsXMLAttribute="false" />
      <Attribute Name="CL" OriginalName="cL" Description="" Datatype="float" Length="0" IsPrimary="false" IsEncrypted="false" OriginalDataType="" SerializeAsXMLAttribute="false" />
      <Attribute Name="RL" OriginalName="rL" Description="" Datatype="float" Length="0" IsPrimary="false" IsEncrypted="false" OriginalDataType="" SerializeAsXMLAttribute="false" />
      <Attribute Name="IA" OriginalName="iA" Description="" Datatype="bool" Length="0" IsPrimary="false" IsEncrypted="false" OriginalDataType="" SerializeAsXMLAttribute="false" />
      <Attribute Name="AL" OriginalName="aL" Description="" Datatype="int" Length="0" IsPrimary="false" IsEncrypted="false" OriginalDataType="" SerializeAsXMLAttribute="false" />
      <Attribute Name="AC" OriginalName="aC" Description="" Datatype="float" Length="0" IsPrimary="false" IsEncrypted="false" OriginalDataType="" SerializeAsXMLAttribute="false" />
      <Attribute Name="Attr" OriginalName="Attr" Description="" Datatype="bool" Length="0" IsPrimary="false" IsEncrypted="false" OriginalDataType="" SerializeAsXMLAttribute="false" />
    </Class>
    <Class Name="Data" OriginalName="data" Description="" Namespace="" BaseClass="" IsEnum="false">
      <Attribute Name="Items" OriginalName="" Description="" Datatype="Array[Object]" Length="0" IsPrimary="false" IsEncrypted="false" OriginalDataType="" SerializeAsXMLAttribute="false" />
    </Class>
    <Class Name="Links" OriginalName="links" Description="" Namespace="" BaseClass="" IsEnum="false">
      <Attribute Name="Source" OriginalName="source" Description="" Datatype="int" Length="0" IsPrimary="false" IsEncrypted="false" OriginalDataType="" SerializeAsXMLAttribute="false" />
      <Attribute Name="Target" OriginalName="target" Description="" Datatype="int" Length="0" IsPrimary="false" IsEncrypted="false" OriginalDataType="" SerializeAsXMLAttribute="false" />
      <Attribute Name="Type" OriginalName="type" Description="" Datatype="string" Length="0" IsPrimary="false" IsEncrypted="false" OriginalDataType="" SerializeAsXMLAttribute="false" />
      <Attribute Name="TypeRel" OriginalName="typeRel" Description="" Datatype="string" Length="0" IsPrimary="false" IsEncrypted="false" OriginalDataType="" SerializeAsXMLAttribute="false" />
      <Attribute Name="Sid" OriginalName="sid" Description="" Datatype="int" Length="0" IsPrimary="false" IsEncrypted="false" OriginalDataType="" SerializeAsXMLAttribute="false" />
      <Attribute Name="Tid" OriginalName="tid" Description="" Datatype="int" Length="0" IsPrimary="false" IsEncrypted="false" OriginalDataType="" SerializeAsXMLAttribute="false" />
      <Attribute Name="Data" OriginalName="data" Description="" Datatype="Object" Length="0" IsPrimary="false" IsEncrypted="false" OriginalDataType="" SerializeAsXMLAttribute="false" />
      <Attribute Name="Weight" OriginalName="weight" Description="" Datatype="float" Length="0" IsPrimary="false" IsEncrypted="false" OriginalDataType="" SerializeAsXMLAttribute="false" />
      <Attribute Name="CL" OriginalName="cL" Description="" Datatype="float" Length="0" IsPrimary="false" IsEncrypted="false" OriginalDataType="" SerializeAsXMLAttribute="false" />
      <Attribute Name="RL" OriginalName="rL" Description="" Datatype="float" Length="0" IsPrimary="false" IsEncrypted="false" OriginalDataType="" SerializeAsXMLAttribute="false" />
      <Attribute Name="IA" OriginalName="iA" Description="" Datatype="bool" Length="0" IsPrimary="false" IsEncrypted="false" OriginalDataType="" SerializeAsXMLAttribute="false" />
      <Attribute Name="AL" OriginalName="aL" Description="" Datatype="int" Length="0" IsPrimary="false" IsEncrypted="false" OriginalDataType="" SerializeAsXMLAttribute="false" />
      <Attribute Name="AC" OriginalName="aC" Description="" Datatype="float" Length="0" IsPrimary="false" IsEncrypted="false" OriginalDataType="" SerializeAsXMLAttribute="false" />
      <Attribute Name="Attr" OriginalName="Attr" Description="" Datatype="bool" Length="0" IsPrimary="false" IsEncrypted="false" OriginalDataType="" SerializeAsXMLAttribute="false" />
    </Class>
    <Operation Name="Query" Description="" Datatype="Interfaces.GraphBackend.GraphBackendResponse" OriginalName="" ClientType="" IsStatic="false" AccessLog="false" Verb="POST" Text="function string GetUrl()&#xA;{&#xA;return &quot;&quot;;&#xA;}" ContentType="JSON" Route="" Notes="" UserDefinedUrlMethod="true">
      <Parameters>
        <Parameter Name="query" DataType="Interfaces.GraphBackend.Query" IsRef="False" IsOut="False" DefaultValue="" Notes="" Type="RequestBody" Alias="" />
      </Parameters>
      <Headers />
      <GetUrlMethod>return "";</GetUrlMethod>
      <CachingOptions CachePerUser="false" OperationIsCached="false" OverrideDefaultCachingSettings="false" UseCustomExpirationMethod="false" HeadersToInlcudeInCacheKey="" ExpirationDays="0" ExpirationHours="0" ExpirationMinutes="3" ExpirationSeconds="0" ExpirationMilliseconds="0" CacheMode="None">function TimeSpan Expiration(
	Interfaces.GraphBackend.Query query,
	Interfaces.GraphBackend.GraphBackendResponse response
)
{ 
	 return CommonLib.Utilities.CreateTimeSpan(0, 1, 0); 
}</CachingOptions>
    </Operation>
    <Operation Name="RawQuery" Description="" Datatype="string" OriginalName="" ClientType="" IsStatic="false" AccessLog="false" Verb="POST" Text="" ContentType="JSON" Route="" Notes="" UserDefinedUrlMethod="true">
      <Parameters>
        <Parameter Name="query" DataType="Interfaces.GraphBackend.Query" IsRef="False" IsOut="False" DefaultValue="" Notes="" Type="RequestBody" Alias="" />
      </Parameters>
      <Headers />
      <GetUrlMethod>return "";</GetUrlMethod>
      <CachingOptions CachePerUser="false" OperationIsCached="false" OverrideDefaultCachingSettings="false" UseCustomExpirationMethod="false" HeadersToInlcudeInCacheKey="" ExpirationDays="0" ExpirationHours="0" ExpirationMinutes="3" ExpirationSeconds="0" ExpirationMilliseconds="0" CacheMode="None">function TimeSpan Expiration(
	Interfaces.GraphBackend.Query query,
	string response
)
{ 
	 return CommonLib.Utilities.CreateTimeSpan(0, 1, 0); 
}</CachingOptions>
    </Operation>
    <Operation Name="ExtenedQuery" Description="" Datatype="Interfaces.GraphBackend.GraphBackendResponse" OriginalName="" ClientType="" IsStatic="false" AccessLog="false" Verb="POST" Text="" ContentType="JSON" Route="" Notes="" UserDefinedUrlMethod="true">
      <Parameters>
        <Parameter Name="query" DataType="Interfaces.GraphBackend.QueryExtended" IsRef="False" IsOut="False" DefaultValue="" Notes="" Type="RequestBody" Alias="" />
      </Parameters>
      <Headers />
      <GetUrlMethod>return "";</GetUrlMethod>
      <CachingOptions CachePerUser="false" OperationIsCached="false" OverrideDefaultCachingSettings="false" UseCustomExpirationMethod="false" HeadersToInlcudeInCacheKey="" ExpirationDays="0" ExpirationHours="0" ExpirationMinutes="3" ExpirationSeconds="0" ExpirationMilliseconds="0" CacheMode="None">function TimeSpan Expiration(
	Interfaces.GraphBackend.QueryExtended query,
	Interfaces.GraphBackend.GraphBackendResponse response
)
{ 
	 return CommonLib.Utilities.CreateTimeSpan(0, 1, 0); 
}</CachingOptions>
    </Operation>
    <Operation Name="RawExtenedQuery" Description="" Datatype="string" OriginalName="" ClientType="" IsStatic="false" AccessLog="false" Verb="POST" Text="" ContentType="JSON" Route="" Notes="" UserDefinedUrlMethod="true">
      <Parameters>
        <Parameter Name="query" DataType="Interfaces.GraphBackend.QueryExtended" IsRef="False" IsOut="False" DefaultValue="" Notes="" Type="RequestBody" Alias="" />
      </Parameters>
      <Headers />
      <GetUrlMethod>return "";</GetUrlMethod>
      <CachingOptions CachePerUser="false" OperationIsCached="false" OverrideDefaultCachingSettings="false" UseCustomExpirationMethod="false" HeadersToInlcudeInCacheKey="" ExpirationDays="0" ExpirationHours="0" ExpirationMinutes="3" ExpirationSeconds="0" ExpirationMilliseconds="0" CacheMode="None">function TimeSpan Expiration(
	Interfaces.GraphBackend.QueryExtended query,
	string response
)
{ 
	 return CommonLib.Utilities.CreateTimeSpan(0, 1, 0); 
}</CachingOptions>
    </Operation>
    <Operation Name="Update" Description="" Datatype="Interfaces.GraphBackend.UpdateResponse" OriginalName="" ClientType="" IsStatic="false" AccessLog="false" Verb="POST" Text="" ContentType="JSON" Route="" Notes="" UserDefinedUrlMethod="false">
      <Parameters>
        <Parameter Name="query" DataType="Interfaces.GraphBackend.QueryExtended" IsRef="False" IsOut="False" DefaultValue="" Notes="" Type="RequestBody" Alias="" />
      </Parameters>
      <Headers />
      <CachingOptions CachePerUser="false" OperationIsCached="false" OverrideDefaultCachingSettings="false" UseCustomExpirationMethod="false" HeadersToInlcudeInCacheKey="" ExpirationDays="0" ExpirationHours="0" ExpirationMinutes="3" ExpirationSeconds="0" ExpirationMilliseconds="0" CacheMode="None">function TimeSpan Expiration(
	Interfaces.GraphBackend.QueryExtended query,
	Interfaces.GraphBackend.UpdateResponse response
)
{ 
	 return CommonLib.Utilities.CreateTimeSpan(0, 1, 0); 
}</CachingOptions>
    </Operation>
  </Endpoint>
  <RestEndpointDetails BaseUrl="http://195.201.233.155:8080/GraphInfo/" IgnoringNullFields="false" />
</ExternalApi>