<!--
Copyright (c) CLMS UK. All rights reserved.
Licensed under the Custom License. See LICENSE file in the project root for full license information.-->

<BusinessObject DateCreated="7/20/2020" Model_Name="User" Model_Description="" Version="" Comments="" Model_Creator="">
  <Associations>
    <Association ModelName="Actors" Class1="Actor" Class2="DigicircUser" Role1="Company" Role2="AddedBy" Multiplicity1="ZeroOrOne" Multiplicity2="ZeroOrOne" Navigable1="false" Navigable2="true" IsExternal="true" Persisted="true" OrderByProperty1="" OrderByDirection1="Asc" OrderByProperty2="" OrderByDirection2="Asc" OnDelete1="Dissasociate" OnDelete2="Dissasociate" IsShadow="false" IsInherited="false" AllowedExtensions="" StorageMedium="FileSystem" MaxFileSize="1000" UnlimitedFileSize="true" AllowAllExtensions="true">
      <DiagramInfo Edge1="Bottom" Edge2="Top" Percent1="0.4622889527487088" Percent2="0.3255673831750915" Path="M 369 1262 L 307 1262" />
    </Association>
    <Association ModelName="Actors" Class1="Actor" Class2="DigicircUser" Role1="ActorsCanManage" Role2="Administrators" Multiplicity1="Many" Multiplicity2="Many" Navigable1="false" Navigable2="true" IsExternal="true" Persisted="true" OrderByProperty1="" OrderByDirection1="Asc" OrderByProperty2="" OrderByDirection2="Asc" OnDelete1="Dissasociate" OnDelete2="Dissasociate" IsShadow="false" IsInherited="false" AllowedExtensions="" StorageMedium="FileSystem" MaxFileSize="1000" UnlimitedFileSize="true" AllowAllExtensions="true">
      <DiagramInfo Edge1="Bottom" Edge2="Top" Percent1="0.18569722306837846" Percent2="0.4559594231682872" Path="M 369 1271 L 369 1280 L 330 1280 L 330 1271 L 307 1271" />
    </Association>
    <Association ModelName="MaterialsBase" Class1="Material" Class2="DigicircUser" Role1="Material" Role2="RequestedBy" Multiplicity1="Many" Multiplicity2="ZeroOrOne" Navigable1="false" Navigable2="true" IsExternal="true" Persisted="true" OrderByProperty1="" OrderByDirection1="Asc" OrderByProperty2="" OrderByDirection2="Asc" OnDelete1="Dissasociate" OnDelete2="Dissasociate" IsShadow="false" IsInherited="false" AllowedExtensions="" StorageMedium="FileSystem" MaxFileSize="1000" UnlimitedFileSize="true" AllowAllExtensions="true">
      <DiagramInfo Edge1="Left" Edge2="Right" Percent1="0.15267175572519084" Percent2="0.1" Path="M 406 403 L 360 403 L 360 323 L 326 323" />
    </Association>
    <Association ModelName="ApplicationSystemBO" Class1="ApplicationUser" Class2="ApplicationPermission" Role1="Users" Role2="Permissions" Multiplicity1="Many" Multiplicity2="Many" Navigable1="true" Navigable2="true" IsExternal="true" Persisted="true" OrderByProperty1="" OrderByDirection1="Asc" OrderByProperty2="" OrderByDirection2="Asc" OnDelete1="Dissasociate" OnDelete2="Restricted" IsShadow="false" IsInherited="true" AllowedExtensions="" StorageMedium="FileSystem" MaxFileSize="0" UnlimitedFileSize="false" AllowAllExtensions="false">
      <DiagramInfo Edge1="Top" Edge2="Top" Percent1="" Percent2="" Path="" />
    </Association>
    <Association ModelName="ApplicationSystemBO" Class1="ApplicationUser" Class2="ApplicationRole" Role1="Users" Role2="Roles" Multiplicity1="Many" Multiplicity2="Many" Navigable1="true" Navigable2="true" IsExternal="true" Persisted="true" OrderByProperty1="" OrderByDirection1="Asc" OrderByProperty2="" OrderByDirection2="Asc" OnDelete1="Dissasociate" OnDelete2="Restricted" IsShadow="false" IsInherited="true" AllowedExtensions="" StorageMedium="FileSystem" MaxFileSize="0" UnlimitedFileSize="false" AllowAllExtensions="false">
      <DiagramInfo Edge1="Top" Edge2="Top" Percent1="" Percent2="" Path="" />
    </Association>
    <Association ModelName="ApplicationSystemBO" Class1="ApplicationClient" Class2="ApplicationUser" Role1="Clients" Role2="User" Multiplicity1="Many" Multiplicity2="One" Navigable1="true" Navigable2="true" IsExternal="true" Persisted="true" OrderByProperty1="" OrderByDirection1="Asc" OrderByProperty2="" OrderByDirection2="Asc" OnDelete1="Dissasociate" OnDelete2="CascadeDelete" IsShadow="false" IsInherited="true" AllowedExtensions="" StorageMedium="FileSystem" MaxFileSize="0" UnlimitedFileSize="false" AllowAllExtensions="false">
      <DiagramInfo Edge1="Top" Edge2="Top" Percent1="" Percent2="" Path="" />
    </Association>
    <Association ModelName="ApplicationSystemBO" Class1="ApplicationUser" Class2="ApplicationUserLogin" Role1="User" Role2="Logins" Multiplicity1="One" Multiplicity2="Many" Navigable1="true" Navigable2="true" IsExternal="true" Persisted="true" OrderByProperty1="" OrderByDirection1="Asc" OrderByProperty2="" OrderByDirection2="Asc" OnDelete1="CascadeDelete" OnDelete2="Dissasociate" IsShadow="false" IsInherited="true" AllowedExtensions="" StorageMedium="FileSystem" MaxFileSize="0" UnlimitedFileSize="false" AllowAllExtensions="false">
      <DiagramInfo Edge1="Top" Edge2="Top" Percent1="" Percent2="" Path="" />
    </Association>
    <Association ModelName="ApplicationSystemBO" Class1="ApplicationUserClaim" Class2="ApplicationUser" Role1="Claims" Role2="User" Multiplicity1="Many" Multiplicity2="One" Navigable1="true" Navigable2="true" IsExternal="true" Persisted="true" OrderByProperty1="" OrderByDirection1="Asc" OrderByProperty2="" OrderByDirection2="Asc" OnDelete1="Dissasociate" OnDelete2="CascadeDelete" IsShadow="false" IsInherited="true" AllowedExtensions="" StorageMedium="FileSystem" MaxFileSize="0" UnlimitedFileSize="false" AllowAllExtensions="false">
      <DiagramInfo Edge1="Top" Edge2="Top" Percent1="" Percent2="" Path="" />
    </Association>
    <Association ModelName="ApplicationSystemBO" Class1="Profile" Class2="ApplicationUser" Role1="Profile" Role2="ApplicationUser" Multiplicity1="ZeroOrOne" Multiplicity2="ZeroOrOne" Navigable1="true" Navigable2="false" IsExternal="true" Persisted="true" OrderByProperty1="" OrderByDirection1="Asc" OrderByProperty2="" OrderByDirection2="Asc" OnDelete1="Restricted" OnDelete2="CascadeDelete" IsShadow="false" IsInherited="true" AllowedExtensions="" StorageMedium="FileSystem" MaxFileSize="0" UnlimitedFileSize="false" AllowAllExtensions="false">
      <DiagramInfo Edge1="Top" Edge2="Top" Percent1="" Percent2="" Path="" />
    </Association>
  </Associations>
  <Classes>
    <Class ModelName="User" Name="DigicircUser" ShadowModel="" ShadowClass="" Description="" Stereotype="Class" PK="UserName" ConcurencyControl="true" AutoAssignPrimaryKey="false" IdGeneratorType="HiLoGenerator" IsPersisted="true" IsStatic="false" BaseClass="ApplicationUser" TableName="" BaseClasses="ApplicationUser;" BaseModel="ApplicationSystemBO">
      <DiagramInfo IsExpanded="true" Width="294.578125" Height="594" Top="21" Left="29" />
      <Attributes>
        <Attribute Name="UserName" IsValueClass="false" Description="" DataType="string" BaseInfo="ApplicationSystemBO:ApplicationUser" Length="255" Precision="8" Scale="2" InitValue="" IsRequired="true" IsInherited="true" Persisted="true" ColumnName="" IsEncrypted="false" IsStatic="false" ReadOnly="false" IsExternal="false" CustomValidation="" IsCreditCard="false" IsURL="false" IsEmail="false" MinLength="0" MaxLength="100" MinValue="" MaxValue="" Getter="" Setter="" />
        <Attribute Name="PasswordHash" IsValueClass="false" Description="" DataType="string" BaseInfo="ApplicationSystemBO:ApplicationUser" Length="2147483647" Precision="2" Scale="2" InitValue="" IsRequired="false" IsInherited="true" Persisted="true" ColumnName="" IsEncrypted="false" IsStatic="false" ReadOnly="false" IsExternal="false" CustomValidation="" IsCreditCard="false" IsURL="false" IsEmail="false" MinLength="0" MaxLength="100" MinValue="" MaxValue="" Getter="" Setter="" />
        <Attribute Name="SecurityStamp" IsValueClass="false" Description="" DataType="string" BaseInfo="ApplicationSystemBO:ApplicationUser" Length="2147483647" Precision="2" Scale="2" InitValue="" IsRequired="false" IsInherited="true" Persisted="true" ColumnName="" IsEncrypted="false" IsStatic="false" ReadOnly="false" IsExternal="false" CustomValidation="" IsCreditCard="false" IsURL="false" IsEmail="false" MinLength="0" MaxLength="100" MinValue="" MaxValue="" Getter="" Setter="" />
        <Attribute Name="EmailConfirmed" IsValueClass="false" Description="" DataType="bool" BaseInfo="ApplicationSystemBO:ApplicationUser" Length="100" Precision="2" Scale="2" InitValue="" IsRequired="false" IsInherited="true" Persisted="true" ColumnName="" IsEncrypted="false" IsStatic="false" ReadOnly="false" IsExternal="false" CustomValidation="" IsCreditCard="false" IsURL="false" IsEmail="false" MinLength="0" MaxLength="100" MinValue="" MaxValue="" Getter="" Setter="" />
        <Attribute Name="LockoutEnabled" IsValueClass="false" Description="" DataType="bool" BaseInfo="ApplicationSystemBO:ApplicationUser" Length="100" Precision="2" Scale="2" InitValue="" IsRequired="false" IsInherited="true" Persisted="true" ColumnName="" IsEncrypted="false" IsStatic="false" ReadOnly="false" IsExternal="false" CustomValidation="" IsCreditCard="false" IsURL="false" IsEmail="false" MinLength="0" MaxLength="100" MinValue="" MaxValue="" Getter="" Setter="" />
        <Attribute Name="PhoneNumberConfirmed" IsValueClass="false" Description="" DataType="bool" BaseInfo="ApplicationSystemBO:ApplicationUser" Length="100" Precision="2" Scale="2" InitValue="" IsRequired="false" IsInherited="true" Persisted="true" ColumnName="" IsEncrypted="false" IsStatic="false" ReadOnly="false" IsExternal="false" CustomValidation="" IsCreditCard="false" IsURL="false" IsEmail="false" MinLength="0" MaxLength="100" MinValue="" MaxValue="" Getter="" Setter="" />
        <Attribute Name="TwoFactorEnabled" IsValueClass="false" Description="" DataType="bool" BaseInfo="ApplicationSystemBO:ApplicationUser" Length="100" Precision="2" Scale="2" InitValue="" IsRequired="false" IsInherited="true" Persisted="true" ColumnName="" IsEncrypted="false" IsStatic="false" ReadOnly="false" IsExternal="false" CustomValidation="" IsCreditCard="false" IsURL="false" IsEmail="false" MinLength="0" MaxLength="100" MinValue="" MaxValue="" Getter="" Setter="" />
        <Attribute Name="AccessFailedCount" IsValueClass="false" Description="" DataType="int" BaseInfo="ApplicationSystemBO:ApplicationUser" Length="100" Precision="2" Scale="2" InitValue="" IsRequired="false" IsInherited="true" Persisted="true" ColumnName="" IsEncrypted="false" IsStatic="false" ReadOnly="false" IsExternal="false" CustomValidation="" IsCreditCard="false" IsURL="false" IsEmail="false" MinLength="0" MaxLength="100" MinValue="" MaxValue="" Getter="" Setter="" />
        <Attribute Name="Name" IsValueClass="false" Description="" DataType="string" BaseInfo="ApplicationSystemBO:ApplicationUser" Length="256" Precision="2" Scale="2" InitValue="" IsRequired="false" IsInherited="true" Persisted="true" ColumnName="" IsEncrypted="false" IsStatic="false" ReadOnly="false" IsExternal="false" CustomValidation="" IsCreditCard="false" IsURL="false" IsEmail="false" MinLength="0" MaxLength="100" MinValue="" MaxValue="" Getter="" Setter="" />
        <Attribute Name="Email" IsValueClass="false" Description="" DataType="string" BaseInfo="ApplicationSystemBO:ApplicationUser" Length="255" Precision="8" Scale="2" InitValue="" IsRequired="false" IsInherited="true" Persisted="true" ColumnName="" IsEncrypted="false" IsStatic="false" ReadOnly="false" IsExternal="false" CustomValidation="" IsCreditCard="false" IsURL="false" IsEmail="false" MinLength="0" MaxLength="100" MinValue="" MaxValue="" Getter="" Setter="" />
        <Attribute Name="PhoneNumber" IsValueClass="false" Description="" DataType="string" BaseInfo="ApplicationSystemBO:ApplicationUser" Length="255" Precision="8" Scale="2" InitValue="" IsRequired="false" IsInherited="true" Persisted="true" ColumnName="" IsEncrypted="false" IsStatic="false" ReadOnly="false" IsExternal="false" CustomValidation="" IsCreditCard="false" IsURL="false" IsEmail="false" MinLength="0" MaxLength="100" MinValue="" MaxValue="" Getter="" Setter="" />
        <Attribute Name="LockoutEndDate" IsValueClass="false" Description="" DataType="DateTime" BaseInfo="ApplicationSystemBO:ApplicationUser" Length="100" Precision="2" Scale="2" InitValue="" IsRequired="false" IsInherited="true" Persisted="true" ColumnName="" IsEncrypted="false" IsStatic="false" ReadOnly="false" IsExternal="false" CustomValidation="" IsCreditCard="false" IsURL="false" IsEmail="false" MinLength="0" MaxLength="100" MinValue="" MaxValue="" Getter="" Setter="" />
        <Attribute Name="FirstName" IsValueClass="false" Description="" DataType="string" BaseInfo="" Length="256" Precision="8" Scale="2" InitValue="" IsRequired="false" IsInherited="false" Persisted="true" ColumnName="" IsEncrypted="false" IsStatic="false" ReadOnly="false" IsExternal="false" CustomValidation="" IsCreditCard="false" IsURL="false" IsEmail="false" MinLength="0" MaxLength="100" MinValue="" MaxValue="" Getter="" Setter="" />
        <Attribute Name="LastName" IsValueClass="false" Description="" DataType="string" BaseInfo="" Length="256" Precision="8" Scale="2" InitValue="" IsRequired="false" IsInherited="false" Persisted="true" ColumnName="" IsEncrypted="false" IsStatic="false" ReadOnly="false" IsExternal="false" CustomValidation="" IsCreditCard="false" IsURL="false" IsEmail="false" MinLength="0" MaxLength="100" MinValue="" MaxValue="" Getter="" Setter="" />
        <Attribute Name="SubscribeToNewsLetter" IsValueClass="false" Description="" DataType="bool" BaseInfo="" Length="100" Precision="8" Scale="2" InitValue="" IsRequired="false" IsInherited="false" Persisted="true" ColumnName="" IsEncrypted="false" IsStatic="false" ReadOnly="false" IsExternal="false" CustomValidation="" IsCreditCard="false" IsURL="false" IsEmail="false" MinLength="0" MaxLength="100" MinValue="" MaxValue="" Getter="" Setter="" />
      </Attributes>
      <Operations>
        <Operation RuleType="Default" EventName="" ApplyToAttribute="" Name="IsInRole" Description="" Syntax="" BaseInfo="ApplicationSystemBO:ApplicationUser" IsStatic="false" IsInherited="true" IsExternal="false">function bool IsInRole(string roleName)
{
	return this.Roles.Any(r =&gt; r.Name == roleName);
}            </Operation>
        <Operation RuleType="Default" EventName="" ApplyToAttribute="" Name="HasPermission" Description="" Syntax="" BaseInfo="ApplicationSystemBO:ApplicationUser" IsStatic="false" IsInherited="true" IsExternal="false">function bool HasPermission(string permission)
{
  bool hasPermissionfromRoles = this.Roles.Any(rr =&gt; rr.Permissions.Any(pp =&gt; pp.Name == permission));
	return hasPermissionfromRoles || this.Permissions.Any(pp =&gt; pp.Name == permission);
}            </Operation>
      </Operations>
    </Class>
  </Classes>
  <Resources />
</BusinessObject>