<!--
Copyright (c) CLMS UK. All rights reserved.
Licensed under the Custom License. See LICENSE file in the project root for full license information.-->

<BusinessObject DateCreated="11/16/2020" Model_Name="KnowledgeActorBase" Model_Description="" Version="" Comments="" Model_Creator="">
  <Associations>
    <Association ModelName="KnowledgeActorBase" Class1="ActorCreateRequest" Class2="ActorCreateStatements" Role1="ActorCreateRequest" Role2="Statements" Multiplicity1="ZeroOrOne" Multiplicity2="Many" Navigable1="false" Navigable2="true" IsExternal="false" Persisted="false" OrderByProperty1="" OrderByDirection1="Asc" OrderByProperty2="" OrderByDirection2="Asc" OnDelete1="Dissasociate" OnDelete2="Dissasociate" IsShadow="false" IsInherited="false" AllowedExtensions="" StorageMedium="FileSystem" MaxFileSize="1000" UnlimitedFileSize="true" AllowAllExtensions="true">
      <DiagramInfo Edge1="Top" Edge2="Bottom" Percent1="0.49552755602577664" Percent2="0.4982902835498974" Path="M 161 281 L 161 214" />
    </Association>
    <Association ModelName="KnowledgeActorBase" Class1="ActorCreateStatements" Class2="ActorCreateParameters" Role1="ActorCreateStatements" Role2="Parameters" Multiplicity1="ZeroOrOne" Multiplicity2="ZeroOrOne" Navigable1="false" Navigable2="true" IsExternal="false" Persisted="false" OrderByProperty1="" OrderByDirection1="Asc" OrderByProperty2="" OrderByDirection2="Asc" OnDelete1="Dissasociate" OnDelete2="Dissasociate" IsShadow="false" IsInherited="false" AllowedExtensions="" StorageMedium="FileSystem" MaxFileSize="1000" UnlimitedFileSize="true" AllowAllExtensions="true">
      <DiagramInfo Edge1="Right" Edge2="Left" Percent1="0.4166666666666667" Percent2="0.5333333333333333" Path="M 309.253997802734 109 L 428.970001220703 109" />
    </Association>
    <Association ModelName="KnowledgeActorBase" Class1="ActorCreateParameters" Class2="ActorCreateProps" Role1="ActorCreateParameters" Role2="Props" Multiplicity1="ZeroOrOne" Multiplicity2="ZeroOrOne" Navigable1="false" Navigable2="true" IsExternal="false" Persisted="false" OrderByProperty1="" OrderByDirection1="Asc" OrderByProperty2="" OrderByDirection2="Asc" OnDelete1="Dissasociate" OnDelete2="Dissasociate" IsShadow="false" IsInherited="false" AllowedExtensions="" StorageMedium="FileSystem" MaxFileSize="1000" UnlimitedFileSize="true" AllowAllExtensions="true">
      <DiagramInfo Edge1="Bottom" Edge2="Top" Percent1="0.5464354931643183" Percent2="0.49970474378321633" Path="M 592 193 L 592 260" />
    </Association>
    <Association ModelName="" Class1="ConnectActorMaterialRequest" Class2="ConnectActorMaterialStatements" Role1="ConnectActorMaterialRequest" Role2="Statements" Multiplicity1="ZeroOrOne" Multiplicity2="Many" Navigable1="false" Navigable2="true" IsExternal="false" Persisted="false" OrderByProperty1="" OrderByDirection1="Asc" OrderByProperty2="" OrderByDirection2="Asc" OnDelete1="Dissasociate" OnDelete2="Dissasociate" IsShadow="false" IsInherited="false" AllowedExtensions="" StorageMedium="FileSystem" MaxFileSize="1000" UnlimitedFileSize="true" AllowAllExtensions="true">
      <DiagramInfo Edge1="Bottom" Edge2="Top" Percent1="0.38181818181818183" Percent2="0.5" Path="M 147 667 L 147 680 L 198 680 L 198 692" />
    </Association>
    <Association ModelName="" Class1="ConnectActorMaterialStatements" Class2="ConnectActorMaterialParameters" Role1="ConnectActorMaterialStatements" Role2="Parameters" Multiplicity1="ZeroOrOne" Multiplicity2="ZeroOrOne" Navigable1="false" Navigable2="true" IsExternal="false" Persisted="false" OrderByProperty1="" OrderByDirection1="Asc" OrderByProperty2="" OrderByDirection2="Asc" OnDelete1="Dissasociate" OnDelete2="Dissasociate" IsShadow="false" IsInherited="false" AllowedExtensions="" StorageMedium="FileSystem" MaxFileSize="1000" UnlimitedFileSize="true" AllowAllExtensions="true">
      <DiagramInfo Edge1="Right" Edge2="Left" Percent1="0.4888888888888889" Percent2="0.4666666666666667" Path="M 396.358001708984 780 L 511.834991455078 780" />
    </Association>
    <Association ModelName="" Class1="ConnectActorMaterialParameters" Class2="ConnectActorMaterialProps" Role1="ConnectActorMaterialParameters" Role2="Props" Multiplicity1="ZeroOrOne" Multiplicity2="ZeroOrOne" Navigable1="false" Navigable2="true" IsExternal="false" Persisted="false" OrderByProperty1="" OrderByDirection1="Asc" OrderByProperty2="" OrderByDirection2="Asc" OnDelete1="Dissasociate" OnDelete2="Dissasociate" IsShadow="false" IsInherited="false" AllowedExtensions="" StorageMedium="FileSystem" MaxFileSize="1000" UnlimitedFileSize="true" AllowAllExtensions="true">
      <DiagramInfo Edge1="Top" Edge2="Bottom" Percent1="0.6030150753768844" Percent2="0.4658753709198813" Path="M 752 696 L 752 657" />
    </Association>
  </Associations>
  <Classes>
    <Class ModelName="KnowledgeActorBase" Name="ActorCreateProps" ShadowModel="" ShadowClass="" Description="" Stereotype="Class" PK="" ConcurencyControl="false" AutoAssignPrimaryKey="false" IdGeneratorType="HiLoGenerator" IsPersisted="false" IsStatic="false" BaseClass="" TableName="" BaseClasses="" BaseModel="">
      <DiagramInfo IsExpanded="true" Width="238.140625" Height="180" Top="260" Left="473" />
      <Attributes>
        <Attribute Name="Id" IsValueClass="false" Description="" DataType="int" BaseInfo="" Length="100" Precision="0" Scale="0" InitValue="" IsRequired="false" IsInherited="false" Persisted="false" ColumnName="" IsEncrypted="false" IsStatic="false" ReadOnly="false" IsExternal="false" CustomValidation="" IsCreditCard="false" IsURL="false" IsEmail="false" MinLength="0" MaxLength="100" MinValue="" MaxValue="" Getter="" Setter="" />
        <Attribute Name="Name" IsValueClass="false" Description="" DataType="string" BaseInfo="" Length="100" Precision="0" Scale="0" InitValue="" IsRequired="false" IsInherited="false" Persisted="false" ColumnName="" IsEncrypted="false" IsStatic="false" ReadOnly="false" IsExternal="false" CustomValidation="" IsCreditCard="false" IsURL="false" IsEmail="false" MinLength="0" MaxLength="100" MinValue="" MaxValue="" Getter="" Setter="" />
      </Attributes>
      <Operations />
    </Class>
    <Class ModelName="KnowledgeActorBase" Name="ActorCreateParameters" ShadowModel="" ShadowClass="" Description="" Stereotype="Class" PK="" ConcurencyControl="false" AutoAssignPrimaryKey="false" IdGeneratorType="HiLoGenerator" IsPersisted="false" IsStatic="false" BaseClass="" TableName="" BaseClasses="" BaseModel="">
      <DiagramInfo IsExpanded="true" Width="298.296875" Height="180" Top="13" Left="429" />
      <Attributes />
      <Operations />
    </Class>
    <Class ModelName="KnowledgeActorBase" Name="ActorCreateStatements" ShadowModel="" ShadowClass="" Description="" Stereotype="Class" PK="" ConcurencyControl="false" AutoAssignPrimaryKey="false" IdGeneratorType="HiLoGenerator" IsPersisted="false" IsStatic="false" BaseClass="" TableName="" BaseClasses="" BaseModel="">
      <DiagramInfo IsExpanded="true" Width="297.015625" Height="180" Top="34" Left="13" />
      <Attributes>
        <Attribute Name="Statement" IsValueClass="false" Description="" DataType="string" BaseInfo="" Length="100" Precision="0" Scale="0" InitValue="" IsRequired="false" IsInherited="false" Persisted="false" ColumnName="" IsEncrypted="false" IsStatic="false" ReadOnly="false" IsExternal="false" CustomValidation="" IsCreditCard="false" IsURL="false" IsEmail="false" MinLength="0" MaxLength="100" MinValue="" MaxValue="" Getter="" Setter="" />
      </Attributes>
      <Operations />
    </Class>
    <Class ModelName="KnowledgeActorBase" Name="ActorCreateRequest" ShadowModel="" ShadowClass="" Description="" Stereotype="Class" PK="" ConcurencyControl="false" AutoAssignPrimaryKey="false" IdGeneratorType="HiLoGenerator" IsPersisted="false" IsStatic="false" BaseClass="" TableName="" BaseClasses="" BaseModel="">
      <DiagramInfo IsExpanded="true" Width="324.90625" Height="180" Top="281" Left="0" />
      <Attributes />
      <Operations />
    </Class>
    <Class ModelName="KnowledgeActorBase" Name="ConnectActorMaterialRequest" ShadowModel="" ShadowClass="" Description="" Stereotype="Class" PK="" ConcurencyControl="false" AutoAssignPrimaryKey="false" IdGeneratorType="HiLoGenerator" IsPersisted="false" IsStatic="false" BaseClass="" TableName="" BaseClasses="" BaseModel="">
      <DiagramInfo IsExpanded="true" Width="385.03125" Height="180" Top="487" Left="0" />
      <Attributes />
      <Operations />
    </Class>
    <Class ModelName="KnowledgeActorBase" Name="ConnectActorMaterialStatements" ShadowModel="" ShadowClass="" Description="" Stereotype="Class" PK="" ConcurencyControl="false" AutoAssignPrimaryKey="false" IdGeneratorType="HiLoGenerator" IsPersisted="false" IsStatic="false" BaseClass="" TableName="" BaseClasses="" BaseModel="">
      <DiagramInfo IsExpanded="true" Width="396.796875" Height="180" Top="692" Left="0" />
      <Attributes>
        <Attribute Name="Statement" IsValueClass="false" Description="" DataType="string" BaseInfo="" Length="100" Precision="0" Scale="0" InitValue="" IsRequired="false" IsInherited="false" Persisted="false" ColumnName="" IsEncrypted="false" IsStatic="false" ReadOnly="false" IsExternal="false" CustomValidation="" IsCreditCard="false" IsURL="false" IsEmail="false" MinLength="0" MaxLength="100" MinValue="" MaxValue="" Getter="" Setter="" />
      </Attributes>
      <Operations />
    </Class>
    <Class ModelName="KnowledgeActorBase" Name="ConnectActorMaterialParameters" ShadowModel="" ShadowClass="" Description="" Stereotype="Class" PK="" ConcurencyControl="false" AutoAssignPrimaryKey="false" IdGeneratorType="HiLoGenerator" IsPersisted="false" IsStatic="false" BaseClass="" TableName="" BaseClasses="" BaseModel="">
      <DiagramInfo IsExpanded="true" Width="398.078125" Height="180" Top="696" Left="512" />
      <Attributes />
      <Operations />
    </Class>
    <Class ModelName="KnowledgeActorBase" Name="ConnectActorMaterialProps" ShadowModel="" ShadowClass="" Description="" Stereotype="Class" PK="" ConcurencyControl="false" AutoAssignPrimaryKey="false" IdGeneratorType="HiLoGenerator" IsPersisted="false" IsStatic="false" BaseClass="" TableName="" BaseClasses="" BaseModel="">
      <DiagramInfo IsExpanded="true" Width="337.921875" Height="180" Top="477" Left="595" />
      <Attributes>
        <Attribute Name="ActorId" IsValueClass="false" Description="" DataType="int" BaseInfo="" Length="100" Precision="0" Scale="0" InitValue="" IsRequired="false" IsInherited="false" Persisted="false" ColumnName="" IsEncrypted="false" IsStatic="false" ReadOnly="false" IsExternal="false" CustomValidation="" IsCreditCard="false" IsURL="false" IsEmail="false" MinLength="0" MaxLength="100" MinValue="" MaxValue="" Getter="" Setter="" />
        <Attribute Name="MaterialId" IsValueClass="false" Description="" DataType="int" BaseInfo="" Length="100" Precision="0" Scale="0" InitValue="" IsRequired="false" IsInherited="false" Persisted="false" ColumnName="" IsEncrypted="false" IsStatic="false" ReadOnly="false" IsExternal="false" CustomValidation="" IsCreditCard="false" IsURL="false" IsEmail="false" MinLength="0" MaxLength="100" MinValue="" MaxValue="" Getter="" Setter="" />
      </Attributes>
      <Operations />
    </Class>
  </Classes>
  <Resources />
</BusinessObject>