<!--
Copyright (c) CLMS UK. All rights reserved.
Licensed under the Custom License. See LICENSE file in the project root for full license information.-->

<BusinessObject DateCreated="" Model_Name="KnowledgeProcessBase" Model_Description="" Version="" Comments="" Model_Creator="">
  <Associations>
    <Association ModelName="KnowledgeProcessBase" Class1="ProcessCreateRequest" Class2="ProcessCreateStatements" Role1="ProcessCreateRequest" Role2="Statements" Multiplicity1="ZeroOrOne" Multiplicity2="Many" Navigable1="false" Navigable2="true" IsExternal="false" Persisted="false" OrderByProperty1="" OrderByDirection1="Asc" OrderByProperty2="" OrderByDirection2="Asc" OnDelete1="DoNothing" OnDelete2="DoNothing" IsShadow="false" IsInherited="false" AllowedExtensions="" StorageMedium="FileSystem" MaxFileSize="0" UnlimitedFileSize="false" AllowAllExtensions="false">
      <DiagramInfo Edge1="Top" Edge2="Bottom" Percent1="0.4622958362088797" Percent2="0.4971729190225675" Path="M 158 318 L 158 199" />
    </Association>
    <Association ModelName="KnowledgeProcessBase" Class1="ProcessCreateStatements" Class2="ProcessCreateParameters" Role1="ProcessCreateStatements" Role2="Parameters" Multiplicity1="ZeroOrOne" Multiplicity2="ZeroOrOne" Navigable1="false" Navigable2="true" IsExternal="false" Persisted="false" OrderByProperty1="" OrderByDirection1="Asc" OrderByProperty2="" OrderByDirection2="Asc" OnDelete1="DoNothing" OnDelete2="DoNothing" IsShadow="false" IsInherited="false" AllowedExtensions="" StorageMedium="FileSystem" MaxFileSize="0" UnlimitedFileSize="false" AllowAllExtensions="false">
      <DiagramInfo Edge1="Right" Edge2="Left" Percent1="0.4444444444444444" Percent2="0.43333333333333335" Path="M 316.101013183594 99 L 441.938995361328 99" />
    </Association>
    <Association ModelName="KnowledgeProcessBase" Class1="ProcessCreateParameters" Class2="ProcessCreateProps" Role1="ProcessCreateParameters" Role2="Props" Multiplicity1="ZeroOrOne" Multiplicity2="ZeroOrOne" Navigable1="false" Navigable2="true" IsExternal="false" Persisted="false" OrderByProperty1="" OrderByDirection1="Asc" OrderByProperty2="" OrderByDirection2="Asc" OnDelete1="DoNothing" OnDelete2="DoNothing" IsShadow="false" IsInherited="false" AllowedExtensions="" StorageMedium="FileSystem" MaxFileSize="0" UnlimitedFileSize="false" AllowAllExtensions="false">
      <DiagramInfo Edge1="Bottom" Edge2="Top" Percent1="0.510871694417238" Percent2="0.49824984912492454" Path="M 605 201 L 605 304" />
    </Association>
  </Associations>
  <Classes>
    <Class ModelName="KnowledgeProcessBase" Name="ProcessCreateRequest" ShadowModel="" ShadowClass="" Description="" Stereotype="Class" PK="" ConcurencyControl="false" AutoAssignPrimaryKey="false" IdGeneratorType="HiLoGenerator" IsPersisted="false" IsStatic="false" BaseClass="" TableName="" BaseClasses="" BaseModel="">
      <DiagramInfo IsExpanded="true" Width="339.609375" Height="180" Top="318" Left="1" />
      <Attributes />
      <Operations />
    </Class>
    <Class ModelName="KnowledgeProcessBase" Name="ProcessCreateStatements" ShadowModel="" ShadowClass="" Description="" Stereotype="Class" PK="" ConcurencyControl="false" AutoAssignPrimaryKey="false" IdGeneratorType="HiLoGenerator" IsPersisted="false" IsStatic="false" BaseClass="" TableName="" BaseClasses="" BaseModel="">
      <DiagramInfo IsExpanded="true" Width="317.796875" Height="180" Top="19" Left="0" />
      <Attributes>
        <Attribute Name="Statement" IsValueClass="false" Description="" DataType="string" BaseInfo="" Length="100" Precision="0" Scale="0" InitValue="" IsRequired="false" IsInherited="false" Persisted="false" ColumnName="" IsEncrypted="false" IsStatic="false" ReadOnly="false" IsExternal="false" CustomValidation="" IsCreditCard="false" IsURL="false" IsEmail="false" MinLength="0" MaxLength="100" MinValue="" MaxValue="" Getter="" Setter="" />
      </Attributes>
      <Operations />
    </Class>
    <Class ModelName="KnowledgeProcessBase" Name="ProcessCreateParameters" ShadowModel="" ShadowClass="" Description="" Stereotype="Class" PK="" ConcurencyControl="false" AutoAssignPrimaryKey="false" IdGeneratorType="HiLoGenerator" IsPersisted="false" IsStatic="false" BaseClass="" TableName="" BaseClasses="" BaseModel="">
      <DiagramInfo IsExpanded="true" Width="319.0625" Height="180" Top="21" Left="442" />
      <Attributes />
      <Operations />
    </Class>
    <Class ModelName="KnowledgeProcessBase" Name="ProcessCreateProps" ShadowModel="" ShadowClass="" Description="" Stereotype="Class" PK="" ConcurencyControl="false" AutoAssignPrimaryKey="false" IdGeneratorType="HiLoGenerator" IsPersisted="false" IsStatic="false" BaseClass="" TableName="" BaseClasses="" BaseModel="">
      <DiagramInfo IsExpanded="true" Width="258.90625" Height="214" Top="304" Left="476" />
      <Attributes>
        <Attribute Name="Id" IsValueClass="false" Description="" DataType="int" BaseInfo="" Length="100" Precision="0" Scale="0" InitValue="" IsRequired="false" IsInherited="false" Persisted="false" ColumnName="" IsEncrypted="false" IsStatic="false" ReadOnly="false" IsExternal="false" CustomValidation="" IsCreditCard="false" IsURL="false" IsEmail="false" MinLength="0" MaxLength="100" MinValue="" MaxValue="" Getter="" Setter="" />
        <Attribute Name="Name" IsValueClass="false" Description="" DataType="string" BaseInfo="" Length="100" Precision="0" Scale="0" InitValue="" IsRequired="false" IsInherited="false" Persisted="false" ColumnName="" IsEncrypted="false" IsStatic="false" ReadOnly="false" IsExternal="false" CustomValidation="" IsCreditCard="false" IsURL="false" IsEmail="false" MinLength="0" MaxLength="100" MinValue="" MaxValue="" Getter="" Setter="" />
        <Attribute Name="Notes" IsValueClass="false" Description="" DataType="string" BaseInfo="" Length="100" Precision="0" Scale="0" InitValue="" IsRequired="false" IsInherited="false" Persisted="false" ColumnName="" IsEncrypted="false" IsStatic="false" ReadOnly="false" IsExternal="false" CustomValidation="" IsCreditCard="false" IsURL="false" IsEmail="false" MinLength="0" MaxLength="100" MinValue="" MaxValue="" Getter="" Setter="" />
        <Attribute Name="Ref" IsValueClass="false" Description="" DataType="string" BaseInfo="" Length="100" Precision="0" Scale="0" InitValue="" IsRequired="false" IsInherited="false" Persisted="false" ColumnName="" IsEncrypted="false" IsStatic="false" ReadOnly="false" IsExternal="false" CustomValidation="" IsCreditCard="false" IsURL="false" IsEmail="false" MinLength="0" MaxLength="100" MinValue="" MaxValue="" Getter="" Setter="" />
        <Attribute Name="SourceId" IsValueClass="false" Description="" DataType="int" BaseInfo="" Length="100" Precision="8" Scale="2" InitValue="" IsRequired="false" IsInherited="false" Persisted="false" ColumnName="" IsEncrypted="false" IsStatic="false" ReadOnly="false" IsExternal="false" CustomValidation="" IsCreditCard="false" IsURL="false" IsEmail="false" MinLength="0" MaxLength="100" MinValue="" MaxValue="" Getter="" Setter="" />
        <Attribute Name="ProductId" IsValueClass="false" Description="" DataType="int" BaseInfo="" Length="100" Precision="8" Scale="2" InitValue="" IsRequired="false" IsInherited="false" Persisted="false" ColumnName="" IsEncrypted="false" IsStatic="false" ReadOnly="false" IsExternal="false" CustomValidation="" IsCreditCard="false" IsURL="false" IsEmail="false" MinLength="0" MaxLength="100" MinValue="" MaxValue="" Getter="" Setter="" />
      </Attributes>
      <Operations />
    </Class>
  </Classes>
  <Resources />
</BusinessObject>