<!--
Copyright (c) CLMS UK. All rights reserved.
Licensed under the Custom License. See LICENSE file in the project root for full license information.-->

<BusinessObject DateCreated="11/2/2020" Model_Name="Product" Model_Description="" Version="" Comments="" Model_Creator="">
  <Associations>
    <Association ModelName="Product" Class1="Product" Class2="Material" Role1="Product" Role2="Resource" Multiplicity1="Many" Multiplicity2="ZeroOrOne" Navigable1="false" Navigable2="true" IsExternal="false" Persisted="true" OrderByProperty1="" OrderByDirection1="Asc" OrderByProperty2="" OrderByDirection2="Asc" OnDelete1="Dissasociate" OnDelete2="Dissasociate" IsShadow="false" IsInherited="false" AllowedExtensions="" StorageMedium="FileSystem" MaxFileSize="1000" UnlimitedFileSize="true" AllowAllExtensions="true">
      <DiagramInfo Edge1="Bottom" Edge2="Top" Percent1="0.9608271865121181" Percent2="0.04511464105280313" Path="M 559 454 L 559 517" />
    </Association>
    <Association ModelName="Product" Class1="ProductType" Class2="ProductType" Role1="ParentType" Role2="SybTypes" Multiplicity1="Many" Multiplicity2="Many" Navigable1="true" Navigable2="true" IsExternal="false" Persisted="true" OrderByProperty1="" OrderByDirection1="Asc" OrderByProperty2="" OrderByDirection2="Asc" OnDelete1="Dissasociate" OnDelete2="Dissasociate" IsShadow="false" IsInherited="false" AllowedExtensions="" StorageMedium="FileSystem" MaxFileSize="1000" UnlimitedFileSize="true" AllowAllExtensions="true">
      <DiagramInfo Edge1="Top" Edge2="Bottom" Percent1="0.24659230158879206" Percent2="0.4965923015887921" Path="M 154 517 L 154 480 L 50 480 L 50 720 L 219 720 L 219 697" />
    </Association>
    <Association ModelName="Product" Class1="Product" Class2="ProductType" Role1="Product" Role2="Type" Multiplicity1="Many" Multiplicity2="ZeroOrOne" Navigable1="false" Navigable2="true" IsExternal="false" Persisted="true" OrderByProperty1="" OrderByDirection1="Asc" OrderByProperty2="" OrderByDirection2="Asc" OnDelete1="Dissasociate" OnDelete2="Dissasociate" IsShadow="false" IsInherited="false" AllowedExtensions="" StorageMedium="FileSystem" MaxFileSize="1000" UnlimitedFileSize="true" AllowAllExtensions="true">
      <DiagramInfo Edge1="Bottom" Edge2="Top" Percent1="0.10434668071654372" Percent2="0.8658230708195613" Path="M 305 454 L 305 480 L 315 480 L 315 517" />
    </Association>
    <Association ModelName="Product" Class1="Product" Class2="Address" Role1="Product" Role2="Site" Multiplicity1="Many" Multiplicity2="ZeroOrOne" Navigable1="false" Navigable2="true" IsExternal="false" Persisted="true" OrderByProperty1="" OrderByDirection1="Asc" OrderByProperty2="" OrderByDirection2="Asc" OnDelete1="Dissasociate" OnDelete2="Dissasociate" IsShadow="false" IsInherited="false" AllowedExtensions="" StorageMedium="FileSystem" MaxFileSize="1000" UnlimitedFileSize="true" AllowAllExtensions="true">
      <DiagramInfo Edge1="Left" Edge2="Right" Percent1="0.2545862254982223" Percent2="0.51350830078125" Path="M 274 206 L 214 206" />
    </Association>
    <Association ModelName="Product" Class1="Product" Class2="UnitOfMeasurement" Role1="Product" Role2="UnitOfMeasurement" Multiplicity1="Many" Multiplicity2="ZeroOrOne" Navigable1="false" Navigable2="true" IsExternal="false" Persisted="true" OrderByProperty1="" OrderByDirection1="Asc" OrderByProperty2="" OrderByDirection2="Asc" OnDelete1="Dissasociate" OnDelete2="Dissasociate" IsShadow="false" IsInherited="false" AllowedExtensions="" StorageMedium="FileSystem" MaxFileSize="1000" UnlimitedFileSize="true" AllowAllExtensions="true">
      <DiagramInfo Edge1="Right" Edge2="Left" Percent1="0.16177185424073728" Percent2="0.516851806640625" Path="M 570 175 L 630 175" />
    </Association>
    <Association ModelName="Product" Class1="Product" Class2="PhysicalForm" Role1="Product" Role2="PhysicalForm" Multiplicity1="Many" Multiplicity2="ZeroOrOne" Navigable1="false" Navigable2="true" IsExternal="false" Persisted="true" OrderByProperty1="" OrderByDirection1="Asc" OrderByProperty2="" OrderByDirection2="Asc" OnDelete1="Dissasociate" OnDelete2="Dissasociate" IsShadow="false" IsInherited="false" AllowedExtensions="" StorageMedium="FileSystem" MaxFileSize="1000" UnlimitedFileSize="true" AllowAllExtensions="true">
      <DiagramInfo Edge1="Top" Edge2="Bottom" Percent1="0.46851949420442573" Percent2="0.49087979654094394" Path="M 413 120 L 413 59" />
    </Association>
    <Association ModelName="Actors" Class1="CircularEconomyReport" Class2="Product" Role1="CircularEconomyReport" Role2="Resources" Multiplicity1="ZeroOrOne" Multiplicity2="Many" Navigable1="false" Navigable2="true" IsExternal="true" Persisted="true" OrderByProperty1="ValidFrom" OrderByDirection1="Asc" OrderByProperty2="" OrderByDirection2="Asc" OnDelete1="Dissasociate" OnDelete2="Dissasociate" IsShadow="false" IsInherited="false" AllowedExtensions="" StorageMedium="FileSystem" MaxFileSize="1000" UnlimitedFileSize="true" AllowAllExtensions="true">
      <DiagramInfo Edge1="Bottom" Edge2="Top" Percent1="0.050570644853939445" Percent2="0.23579785909882997" Path="M 1180.0340576171875 473.83154296875 L 1180.0340576171875 364.41064453125" />
    </Association>
    <Association ModelName="Actors" Class1="CircularEconomyReport" Class2="Product" Role1="CircularEconomyReport_1" Role2="DesiredResources" Multiplicity1="ZeroOrOne" Multiplicity2="Many" Navigable1="false" Navigable2="true" IsExternal="true" Persisted="true" OrderByProperty1="ValidFrom" OrderByDirection1="Asc" OrderByProperty2="" OrderByDirection2="Asc" OnDelete1="Dissasociate" OnDelete2="Dissasociate" IsShadow="false" IsInherited="false" AllowedExtensions="" StorageMedium="FileSystem" MaxFileSize="1000" UnlimitedFileSize="true" AllowAllExtensions="true">
      <DiagramInfo Edge1="Bottom" Edge2="Top" Percent1="0.1578417758300748" Percent2="0.5703759024147373" Path="M 1252.3341064453125 473.83154296875 L 1252.3341064453125 364.41064453125" />
    </Association>
    <Association ModelName="GraphQuery" Class1="GraphQuery" Class2="Product" Role1="GraphQuery" Role2="DesiredProduct" Multiplicity1="ZeroOrOne" Multiplicity2="ZeroOrOne" Navigable1="false" Navigable2="true" IsExternal="true" Persisted="false" OrderByProperty1="" OrderByDirection1="Asc" OrderByProperty2="" OrderByDirection2="Asc" OnDelete1="Dissasociate" OnDelete2="Dissasociate" IsShadow="false" IsInherited="false" AllowedExtensions="" StorageMedium="FileSystem" MaxFileSize="1000" UnlimitedFileSize="true" AllowAllExtensions="true">
      <DiagramInfo Edge1="Left" Edge2="Right" Percent1="0.514018691588785" Percent2="0.15254237288135594" Path="M 734.8427124023438 370 L 512.121826171875 370" />
    </Association>
    <Association ModelName="GraphQuery" Class1="GraphQuery" Class2="Product" Role1="GraphQuery_1" Role2="ResourceProduct" Multiplicity1="ZeroOrOne" Multiplicity2="ZeroOrOne" Navigable1="false" Navigable2="true" IsExternal="true" Persisted="false" OrderByProperty1="" OrderByDirection1="Asc" OrderByProperty2="" OrderByDirection2="Asc" OnDelete1="Dissasociate" OnDelete2="Dissasociate" IsShadow="false" IsInherited="false" AllowedExtensions="" StorageMedium="FileSystem" MaxFileSize="1000" UnlimitedFileSize="true" AllowAllExtensions="true">
      <DiagramInfo Edge1="Left" Edge2="Right" Percent1="0.7616822429906542" Percent2="0.3022598870056497" Path="M 734.8427124023438 423 L 512.121826171875 423" />
    </Association>
    <Association ModelName="MaterialsBase" Class1="Material" Class2="Process" Role1="Product" Role2="ConvertedBy" Multiplicity1="Many" Multiplicity2="Many" Navigable1="true" Navigable2="true" IsExternal="true" Persisted="true" OrderByProperty1="" OrderByDirection1="Asc" OrderByProperty2="" OrderByDirection2="Asc" OnDelete1="Dissasociate" OnDelete2="Dissasociate" IsShadow="false" IsInherited="false" AllowedExtensions="" StorageMedium="FileSystem" MaxFileSize="1000" UnlimitedFileSize="true" AllowAllExtensions="true">
      <DiagramInfo Edge1="Right" Edge2="Left" Percent1="0.7102803738317757" Percent2="0.7102803738317757" Path="M 645 535 L 690 535 L 690 511 L 741 511" />
    </Association>
    <Association ModelName="MaterialsBase" Class1="Material" Class2="Process" Role1="Source" Role2="ConvertBy" Multiplicity1="Many" Multiplicity2="Many" Navigable1="true" Navigable2="true" IsExternal="true" Persisted="true" OrderByProperty1="" OrderByDirection1="Asc" OrderByProperty2="" OrderByDirection2="Asc" OnDelete1="Dissasociate" OnDelete2="Dissasociate" IsShadow="false" IsInherited="false" AllowedExtensions="" StorageMedium="FileSystem" MaxFileSize="1000" UnlimitedFileSize="true" AllowAllExtensions="true">
      <DiagramInfo Edge1="Right" Edge2="Left" Percent1="0.37383177570093457" Percent2="0.37383177570093457" Path="M 645 445 L 741 445" />
    </Association>
    <Association ModelName="MaterialsBase" Class1="Material" Class2="DigicircUser" Role1="Material" Role2="RequestedBy" Multiplicity1="Many" Multiplicity2="ZeroOrOne" Navigable1="false" Navigable2="true" IsExternal="true" Persisted="true" OrderByProperty1="" OrderByDirection1="Asc" OrderByProperty2="" OrderByDirection2="Asc" OnDelete1="Dissasociate" OnDelete2="Dissasociate" IsShadow="false" IsInherited="false" AllowedExtensions="" StorageMedium="FileSystem" MaxFileSize="1000" UnlimitedFileSize="true" AllowAllExtensions="true">
      <DiagramInfo Edge1="Left" Edge2="Right" Percent1="0.15267175572519084" Percent2="0.1" Path="M 406 391 L 360 391 L 360 323 L 326 323" />
    </Association>
    <Association ModelName="Suggestions" Class1="Match" Class2="Material" Role1="Match" Role2="Resource" Multiplicity1="ZeroOrOne" Multiplicity2="ZeroOrOne" Navigable1="false" Navigable2="true" IsExternal="true" Persisted="true" OrderByProperty1="" OrderByDirection1="Asc" OrderByProperty2="" OrderByDirection2="Asc" OnDelete1="Dissasociate" OnDelete2="Dissasociate" IsShadow="false" IsInherited="false" AllowedExtensions="" StorageMedium="FileSystem" MaxFileSize="1000" UnlimitedFileSize="true" AllowAllExtensions="true">
      <DiagramInfo Edge1="Top" Edge2="Bottom" Percent1="0.5217391304347826" Percent2="0.3504563233376793" Path="M 731 355 L 731 200 L 696 200 L 696 54" />
    </Association>
    <Association ModelName="Actors" Class1="Actor" Class2="Address" Role1="Company" Role2="Address" Multiplicity1="ZeroOrOne" Multiplicity2="ZeroOrOne" Navigable1="false" Navigable2="true" IsExternal="true" Persisted="true" OrderByProperty1="" OrderByDirection1="Asc" OrderByProperty2="" OrderByDirection2="Asc" OnDelete1="Dissasociate" OnDelete2="Dissasociate" IsShadow="false" IsInherited="false" AllowedExtensions="" StorageMedium="FileSystem" MaxFileSize="1000" UnlimitedFileSize="true" AllowAllExtensions="true">
      <DiagramInfo Edge1="Top" Edge2="Left" Percent1="0.8567843655927455" Percent2="0.5019201660156205" Path="M 626.8507080078125 655.272216796875 L 626.8507080078125 433.875244140625" />
    </Association>
    <Association ModelName="Actors" Class1="Actor" Class2="Address" Role1="Actor" Role2="Sites" Multiplicity1="ZeroOrOne" Multiplicity2="Many" Navigable1="false" Navigable2="true" IsExternal="true" Persisted="true" OrderByProperty1="" OrderByDirection1="Asc" OrderByProperty2="" OrderByDirection2="Asc" OnDelete1="Dissasociate" OnDelete2="Dissasociate" IsShadow="false" IsInherited="false" AllowedExtensions="" StorageMedium="FileSystem" MaxFileSize="1000" UnlimitedFileSize="true" AllowAllExtensions="true">
      <DiagramInfo Edge1="Right" Edge2="Top" Percent1="0.10560527600740097" Percent2="0.632758380156995" Path="M 694.8507080078125 655.272216796875 L 694.8507080078125 433.875244140625" />
    </Association>
    <Association ModelName="Geolocation" Class1="Address" Class2="Country" Role1="Address" Role2="Country" Multiplicity1="Many" Multiplicity2="ZeroOrOne" Navigable1="false" Navigable2="true" IsExternal="true" Persisted="true" OrderByProperty1="" OrderByDirection1="Asc" OrderByProperty2="" OrderByDirection2="Asc" OnDelete1="Dissasociate" OnDelete2="Restricted" IsShadow="false" IsInherited="false" AllowedExtensions="" StorageMedium="FileSystem" MaxFileSize="1000" UnlimitedFileSize="true" AllowAllExtensions="true">
      <DiagramInfo Edge1="Top" Edge2="Left" Percent1="0.4975369458128079" Percent2="0.5" Path="M 214.21359252929688 442 L 273.837890625 442" />
    </Association>
  </Associations>
  <Classes>
    <Class ModelName="Product" Name="Product" ShadowModel="" ShadowClass="" Description="" Stereotype="Class" PK="Id" ConcurencyControl="true" AutoAssignPrimaryKey="true" IdGeneratorType="HiLoGenerator" IsPersisted="true" IsStatic="false" BaseClass="" TableName="" BaseClasses="" BaseModel="">
      <DiagramInfo IsExpanded="true" Width="296.5625" Height="334" Top="120.96820068359375" Left="274.0546875" />
      <Attributes>
        <Attribute Name="Id" IsValueClass="false" Description="" DataType="int" BaseInfo="" Length="100" Precision="8" Scale="2" InitValue="" IsRequired="false" IsInherited="false" Persisted="true" ColumnName="" IsEncrypted="false" IsStatic="false" ReadOnly="false" IsExternal="false" CustomValidation="" IsCreditCard="false" IsURL="false" IsEmail="false" MinLength="0" MaxLength="100" MinValue="" MaxValue="" Getter="" Setter="" />
        <Attribute Name="Quantity" IsValueClass="false" Description="" DataType="int" BaseInfo="" Length="100" Precision="8" Scale="2" InitValue="" IsRequired="false" IsInherited="false" Persisted="true" ColumnName="" IsEncrypted="false" IsStatic="false" ReadOnly="false" IsExternal="false" CustomValidation="" IsCreditCard="false" IsURL="false" IsEmail="false" MinLength="0" MaxLength="100" MinValue="" MaxValue="" Getter="" Setter="" />
        <Attribute Name="ValidFrom" IsValueClass="false" Description="" DataType="DateTime" BaseInfo="" Length="100" Precision="8" Scale="2" InitValue="" IsRequired="false" IsInherited="false" Persisted="true" ColumnName="" IsEncrypted="false" IsStatic="false" ReadOnly="false" IsExternal="false" CustomValidation="" IsCreditCard="false" IsURL="false" IsEmail="false" MinLength="0" MaxLength="100" MinValue="" MaxValue="" Getter="" Setter="" />
        <Attribute Name="ValidTo" IsValueClass="false" Description="" DataType="DateTime" BaseInfo="" Length="100" Precision="8" Scale="2" InitValue="" IsRequired="false" IsInherited="false" Persisted="true" ColumnName="" IsEncrypted="false" IsStatic="false" ReadOnly="false" IsExternal="false" CustomValidation="" IsCreditCard="false" IsURL="false" IsEmail="false" MinLength="0" MaxLength="100" MinValue="" MaxValue="" Getter="" Setter="" />
        <Attribute Name="IsHazardous" IsValueClass="false" Description="" DataType="bool" BaseInfo="" Length="100" Precision="8" Scale="2" InitValue="" IsRequired="false" IsInherited="false" Persisted="true" ColumnName="" IsEncrypted="false" IsStatic="false" ReadOnly="false" IsExternal="false" CustomValidation="" IsCreditCard="false" IsURL="false" IsEmail="false" MinLength="0" MaxLength="100" MinValue="" MaxValue="" Getter="" Setter="" />
        <Attribute Name="IsDesired" IsValueClass="false" Description="" DataType="bool" BaseInfo="" Length="100" Precision="8" Scale="2" InitValue="" IsRequired="false" IsInherited="false" Persisted="true" ColumnName="" IsEncrypted="false" IsStatic="false" ReadOnly="false" IsExternal="false" CustomValidation="" IsCreditCard="false" IsURL="false" IsEmail="false" MinLength="0" MaxLength="100" MinValue="" MaxValue="" Getter="" Setter="" />
      </Attributes>
      <Operations />
    </Class>
    <Class ModelName="MaterialsBase" Name="Material" ShadowModel="MaterialsBase" ShadowClass="Material" Description="" Stereotype="Class" PK="Id" ConcurencyControl="true" AutoAssignPrimaryKey="true" IdGeneratorType="HiLoGenerator" IsPersisted="true" IsStatic="false" BaseClass="" TableName="" BaseClasses="" BaseModel="">
      <DiagramInfo IsExpanded="false" Width="239.6875" Height="50" Top="517.0057983398438" Left="548.1865844726562" />
      <Attributes>
        <Attribute Name="Id" IsValueClass="false" Description="" DataType="int" BaseInfo="" Length="100" Precision="8" Scale="2" InitValue="" IsRequired="false" IsInherited="false" Persisted="true" ColumnName="" IsEncrypted="false" IsStatic="false" ReadOnly="false" IsExternal="false" CustomValidation="" IsCreditCard="false" IsURL="false" IsEmail="false" MinLength="0" MaxLength="100" MinValue="" MaxValue="" Getter="" Setter="" />
        <Attribute Name="Name" IsValueClass="false" Description="" DataType="string" BaseInfo="" Length="MAX" Precision="8" Scale="2" InitValue="" IsRequired="false" IsInherited="false" Persisted="true" ColumnName="" IsEncrypted="false" IsStatic="false" ReadOnly="false" IsExternal="false" CustomValidation="" IsCreditCard="false" IsURL="false" IsEmail="false" MinLength="0" MaxLength="100" MinValue="" MaxValue="" Getter="" Setter="" />
        <Attribute Name="Description" IsValueClass="false" Description="" DataType="string" BaseInfo="" Length="MAX" Precision="8" Scale="2" InitValue="" IsRequired="false" IsInherited="false" Persisted="true" ColumnName="" IsEncrypted="false" IsStatic="false" ReadOnly="false" IsExternal="false" CustomValidation="" IsCreditCard="false" IsURL="false" IsEmail="false" MinLength="0" MaxLength="100" MinValue="" MaxValue="" Getter="" Setter="" />
        <Attribute Name="HsSpecific" IsValueClass="false" Description="" DataType="string" BaseInfo="" Length="MAX" Precision="8" Scale="2" InitValue="" IsRequired="false" IsInherited="false" Persisted="true" ColumnName="" IsEncrypted="false" IsStatic="false" ReadOnly="false" IsExternal="false" CustomValidation="" IsCreditCard="false" IsURL="false" IsEmail="false" MinLength="0" MaxLength="100" MinValue="" MaxValue="" Getter="" Setter="" />
        <Attribute Name="PendingGraph" IsValueClass="false" Description="" DataType="bool" BaseInfo="" Length="100" Precision="8" Scale="2" InitValue="" IsRequired="false" IsInherited="false" Persisted="true" ColumnName="" IsEncrypted="false" IsStatic="false" ReadOnly="false" IsExternal="false" CustomValidation="" IsCreditCard="false" IsURL="false" IsEmail="false" MinLength="0" MaxLength="100" MinValue="" MaxValue="" Getter="" Setter="" />
      </Attributes>
      <Operations />
    </Class>
    <Class ModelName="Product" Name="ProductType" ShadowModel="" ShadowClass="" Description="" Stereotype="Class" PK="Id" ConcurencyControl="true" AutoAssignPrimaryKey="true" IdGeneratorType="HiLoGenerator" IsPersisted="true" IsStatic="false" BaseClass="" TableName="" BaseClasses="" BaseModel="">
      <DiagramInfo IsExpanded="true" Width="260.78125" Height="180" Top="517" Left="89.88600158691406" />
      <Attributes>
        <Attribute Name="Id" IsValueClass="false" Description="" DataType="int" BaseInfo="" Length="100" Precision="8" Scale="2" InitValue="" IsRequired="false" IsInherited="false" Persisted="true" ColumnName="" IsEncrypted="false" IsStatic="false" ReadOnly="false" IsExternal="false" CustomValidation="" IsCreditCard="false" IsURL="false" IsEmail="false" MinLength="0" MaxLength="100" MinValue="" MaxValue="" Getter="" Setter="" />
        <Attribute Name="Name" IsValueClass="false" Description="" DataType="string" BaseInfo="" Length="100" Precision="8" Scale="2" InitValue="" IsRequired="false" IsInherited="false" Persisted="true" ColumnName="" IsEncrypted="false" IsStatic="false" ReadOnly="false" IsExternal="false" CustomValidation="" IsCreditCard="false" IsURL="false" IsEmail="false" MinLength="0" MaxLength="100" MinValue="" MaxValue="" Getter="" Setter="" />
      </Attributes>
      <Operations />
    </Class>
    <Class ModelName="Geolocation" Name="Address" ShadowModel="Geolocation" ShadowClass="Address" Description="" Stereotype="Class" PK="Id" ConcurencyControl="true" AutoAssignPrimaryKey="true" IdGeneratorType="HiLoGenerator" IsPersisted="true" IsStatic="false" BaseClass="" TableName="" BaseClasses="" BaseModel="">
      <DiagramInfo IsExpanded="false" Width="203.25" Height="50" Top="180.3245849609375" Left="10" />
      <Attributes>
        <Attribute Name="Id" IsValueClass="false" Description="" DataType="int" BaseInfo="" Length="100" Precision="8" Scale="2" InitValue="" IsRequired="false" IsInherited="false" Persisted="true" ColumnName="" IsEncrypted="false" IsStatic="false" ReadOnly="false" IsExternal="false" CustomValidation="" IsCreditCard="false" IsURL="false" IsEmail="false" MinLength="0" MaxLength="100" MinValue="" MaxValue="" Getter="" Setter="" />
        <Attribute Name="Latitude" IsValueClass="false" Description="" DataType="double" BaseInfo="" Length="100" Precision="15" Scale="15" InitValue="" IsRequired="false" IsInherited="false" Persisted="true" ColumnName="" IsEncrypted="false" IsStatic="false" ReadOnly="false" IsExternal="false" CustomValidation="" IsCreditCard="false" IsURL="false" IsEmail="false" MinLength="0" MaxLength="100" MinValue="" MaxValue="" Getter="" Setter="" />
        <Attribute Name="Longitude" IsValueClass="false" Description="" DataType="double" BaseInfo="" Length="100" Precision="18" Scale="15" InitValue="" IsRequired="false" IsInherited="false" Persisted="true" ColumnName="" IsEncrypted="false" IsStatic="false" ReadOnly="false" IsExternal="false" CustomValidation="" IsCreditCard="false" IsURL="false" IsEmail="false" MinLength="0" MaxLength="100" MinValue="" MaxValue="" Getter="" Setter="" />
        <Attribute Name="StreetName" IsValueClass="false" Description="" DataType="string" BaseInfo="" Length="100" Precision="8" Scale="2" InitValue="" IsRequired="false" IsInherited="false" Persisted="true" ColumnName="" IsEncrypted="false" IsStatic="false" ReadOnly="false" IsExternal="false" CustomValidation="" IsCreditCard="false" IsURL="false" IsEmail="false" MinLength="0" MaxLength="100" MinValue="" MaxValue="" Getter="" Setter="" />
        <Attribute Name="Number" IsValueClass="false" Description="" DataType="int" BaseInfo="" Length="100" Precision="8" Scale="2" InitValue="" IsRequired="false" IsInherited="false" Persisted="true" ColumnName="" IsEncrypted="false" IsStatic="false" ReadOnly="false" IsExternal="false" CustomValidation="" IsCreditCard="false" IsURL="false" IsEmail="false" MinLength="0" MaxLength="100" MinValue="" MaxValue="" Getter="" Setter="" />
        <Attribute Name="Town" IsValueClass="false" Description="" DataType="string" BaseInfo="" Length="100" Precision="8" Scale="2" InitValue="" IsRequired="false" IsInherited="false" Persisted="true" ColumnName="" IsEncrypted="false" IsStatic="false" ReadOnly="false" IsExternal="false" CustomValidation="" IsCreditCard="false" IsURL="false" IsEmail="false" MinLength="0" MaxLength="100" MinValue="" MaxValue="" Getter="" Setter="" />
        <Attribute Name="Zip" IsValueClass="false" Description="" DataType="string" BaseInfo="" Length="100" Precision="8" Scale="2" InitValue="" IsRequired="false" IsInherited="false" Persisted="true" ColumnName="" IsEncrypted="false" IsStatic="false" ReadOnly="false" IsExternal="false" CustomValidation="" IsCreditCard="false" IsURL="false" IsEmail="false" MinLength="0" MaxLength="100" MinValue="" MaxValue="" Getter="" Setter="" />
        <Attribute Name="FullAddress" IsValueClass="false" Description="" DataType="string" BaseInfo="" Length="MAX" Precision="8" Scale="2" InitValue="" IsRequired="false" IsInherited="false" Persisted="false" ColumnName="" IsEncrypted="false" IsStatic="false" ReadOnly="false" IsExternal="false" CustomValidation="" IsCreditCard="false" IsURL="false" IsEmail="false" MinLength="0" MaxLength="100" MinValue="" MaxValue="" Getter="GetFullAddress" Setter="" />
        <Attribute Name="Alias" IsValueClass="false" Description="" DataType="string" BaseInfo="" Length="500" Precision="8" Scale="2" InitValue="" IsRequired="false" IsInherited="false" Persisted="true" ColumnName="" IsEncrypted="false" IsStatic="false" ReadOnly="false" IsExternal="false" CustomValidation="" IsCreditCard="false" IsURL="false" IsEmail="false" MinLength="0" MaxLength="100" MinValue="" MaxValue="" Getter="" Setter="" />
      </Attributes>
      <Operations>
        <Operation RuleType="Default" EventName="" ApplyToAttribute="" Name="GetFullAddress" Description="" Syntax="" BaseInfo="" IsStatic="false" IsInherited="false" IsExternal="true">function string GetFullAddress()
{
	return this.StreetName + " " + this.Number + ",&lt;br /&gt;" + this.Town + " " + this.Zip + "&lt;br /&gt;" + this.Country.Name;
}</Operation>
      </Operations>
    </Class>
    <Class ModelName="ValueList" Name="UnitOfMeasurement" ShadowModel="ValueList" ShadowClass="UnitOfMeasurement" Description="" Stereotype="Class" PK="Id" ConcurencyControl="true" AutoAssignPrimaryKey="true" IdGeneratorType="HiLoGenerator" IsPersisted="true" IsStatic="false" BaseClass="ValueType" TableName="" BaseClasses="ValueType" BaseModel="ValueList">
      <DiagramInfo IsExpanded="false" Width="267.046875" Height="50" Top="149.15740966796875" Left="630.0980224609375" />
      <Attributes>
        <Attribute Name="Id" IsValueClass="false" Description="" DataType="int" BaseInfo="ValueList:ValueType" Length="100" Precision="8" Scale="2" InitValue="" IsRequired="false" IsInherited="true" Persisted="true" ColumnName="" IsEncrypted="false" IsStatic="false" ReadOnly="false" IsExternal="false" CustomValidation="" IsCreditCard="false" IsURL="false" IsEmail="false" MinLength="0" MaxLength="100" MinValue="" MaxValue="" Getter="" Setter="" />
        <Attribute Name="Code" IsValueClass="false" Description="" DataType="string" BaseInfo="ValueList:ValueType" Length="255" Precision="8" Scale="2" InitValue="" IsRequired="false" IsInherited="true" Persisted="true" ColumnName="" IsEncrypted="false" IsStatic="false" ReadOnly="false" IsExternal="false" CustomValidation="" IsCreditCard="false" IsURL="false" IsEmail="false" MinLength="0" MaxLength="100" MinValue="" MaxValue="" Getter="" Setter="" />
        <Attribute Name="Value" IsValueClass="false" Description="" DataType="string" BaseInfo="ValueList:ValueType" Length="255" Precision="8" Scale="2" InitValue="" IsRequired="false" IsInherited="true" Persisted="true" ColumnName="" IsEncrypted="false" IsStatic="false" ReadOnly="false" IsExternal="false" CustomValidation="" IsCreditCard="false" IsURL="false" IsEmail="false" MinLength="0" MaxLength="100" MinValue="" MaxValue="" Getter="" Setter="" />
      </Attributes>
      <Operations />
    </Class>
    <Class ModelName="ValueList" Name="PhysicalForm" ShadowModel="ValueList" ShadowClass="PhysicalForm" Description="" Stereotype="Class" PK="Id" ConcurencyControl="true" AutoAssignPrimaryKey="true" IdGeneratorType="HiLoGenerator" IsPersisted="true" IsStatic="false" BaseClass="ValueType" TableName="" BaseClasses="ValueType" BaseModel="ValueList">
      <DiagramInfo IsExpanded="false" Width="193.671875" Height="50" Top="7.8258056640625" Left="317.9303894042969" />
      <Attributes>
        <Attribute Name="Id" IsValueClass="false" Description="" DataType="int" BaseInfo="ValueList:ValueType" Length="100" Precision="8" Scale="2" InitValue="" IsRequired="false" IsInherited="true" Persisted="true" ColumnName="" IsEncrypted="false" IsStatic="false" ReadOnly="false" IsExternal="false" CustomValidation="" IsCreditCard="false" IsURL="false" IsEmail="false" MinLength="0" MaxLength="100" MinValue="" MaxValue="" Getter="" Setter="" />
        <Attribute Name="Code" IsValueClass="false" Description="" DataType="string" BaseInfo="ValueList:ValueType" Length="255" Precision="8" Scale="2" InitValue="" IsRequired="false" IsInherited="true" Persisted="true" ColumnName="" IsEncrypted="false" IsStatic="false" ReadOnly="false" IsExternal="false" CustomValidation="" IsCreditCard="false" IsURL="false" IsEmail="false" MinLength="0" MaxLength="100" MinValue="" MaxValue="" Getter="" Setter="" />
        <Attribute Name="Value" IsValueClass="false" Description="" DataType="string" BaseInfo="ValueList:ValueType" Length="255" Precision="8" Scale="2" InitValue="" IsRequired="false" IsInherited="true" Persisted="true" ColumnName="" IsEncrypted="false" IsStatic="false" ReadOnly="false" IsExternal="false" CustomValidation="" IsCreditCard="false" IsURL="false" IsEmail="false" MinLength="0" MaxLength="100" MinValue="" MaxValue="" Getter="" Setter="" />
      </Attributes>
      <Operations />
    </Class>
  </Classes>
  <Resources />
</BusinessObject>